ID,Asphericity,Eccentricity,InertialShapeFactor,RadiusOfGyration,TPSA_3D,SpherocityIndex,Permeability,MolWt,TPSA,Predicted_Permeability,Prediction_Error,Startup_Verdict
1019,0.1937241521288236,0.8889284679351528,0.0002247230289578,3.958225778559541,235.35679225759625,0.3052480693745157,-8.3,454.528,157.02,-8.113899999999994,0.18610000000000682,BAJO POTENCIAL
1020,0.1000918553131685,0.8210151851352279,0.0002699877439618,3.613389106674483,235.35679225759625,0.5301708386790476,-8.2,454.528,157.02,-8.154100000000005,0.04589999999999428,BAJO POTENCIAL
1021,0.1639515466077025,0.8394695702999172,0.0001638625189169,3.965897053331298,235.35679225759625,0.2265413291145497,-8.2,454.528,157.02,-8.038400000000006,0.16159999999999286,BAJO POTENCIAL
1022,0.1354028522106818,0.84966282549034,0.0002380359270246,3.74468489374902,235.35679225759625,0.4414359900541386,-8.3,454.528,157.02,-8.149199999999993,0.15080000000000737,BAJO POTENCIAL
1023,0.1452674930847401,0.8470503042626693,0.0001940296534483,3.82606006099909,254.01038819577465,0.3526237205115815,-7.0,482.582,139.44,-6.916400000000001,0.08359999999999879,BAJO POTENCIAL
1024,0.1051258462762209,0.8161300718065451,0.0002128056740477,3.728667173499828,254.01038819577465,0.3882570125296531,-7.1,482.582,139.44,-7.032300000000008,0.06769999999999143,BAJO POTENCIAL
1025,0.0544436661765529,0.7459977569673362,6.230345470620692e-05,5.367437431120083,447.1956907929145,0.6116435140959843,-10.0,849.046,201.48,-9.006499999999999,0.9935000000000009,BAJO POTENCIAL
1026,0.1250957301630487,0.8482871651776913,7.215857023992755e-05,5.247027681903846,447.1956907929145,0.3907420296935206,-10.0,849.046,201.48,-8.8473,1.1526999999999994,BAJO POTENCIAL
7190,0.1981402076089197,0.892543470411164,3.2060107940269585e-05,6.601385147079792,654.1089263120173,0.2407100329961842,-7.22,1174.625,258.57,-6.552500000000008,0.6674999999999915,BAJO POTENCIAL
7191,0.1916661012809687,0.8932918113483613,2.995974695357924e-05,6.956502352494544,671.4963649881147,0.2758677510190258,-8.4,1217.65,301.66,-7.457954695829992,0.9420453041700085,BAJO POTENCIAL
7192,0.2114076768855333,0.9059423323041254,3.393958020600492e-05,6.83441190112652,680.671248102847,0.2998472034637385,-8.4,1231.677,301.66,-6.286900000000002,2.1130999999999984,BAJO POTENCIAL
988,0.1363341196405469,0.8568541327609723,0.0001040723804063,4.751867694566191,361.6545028129097,0.4038803039212467,-6.7,709.87,190.14,-6.8340000000000005,0.13400000000000034,BAJO POTENCIAL
5632,0.1549054860132614,0.866361601608714,0.0002191702522693,4.0218037286656445,240.80314654906545,0.2972602391482671,-6.81,444.576,107.61,-6.790099999999991,0.01990000000000869,BAJO POTENCIAL
5637,0.2044315368599875,0.8984708406370078,0.0002232393311179,4.185501133460072,240.80314654906545,0.1992522398506555,-6.86,444.576,107.61,-6.818600000000003,0.04139999999999766,BAJO POTENCIAL
5636,0.2280982484935609,0.904725581981737,0.0002062801474814,4.219713700631015,240.80314654906545,0.1448476728373842,-7.18,444.576,107.61,-6.776899999999991,0.4031000000000091,BAJO POTENCIAL
5635,0.1818947565230944,0.8854161133125003,0.0002222557207184,4.104073822598631,240.80314654906545,0.3015921980926975,-7.21,444.576,107.61,-7.0071,0.20289999999999964,BAJO POTENCIAL
5633,0.0787415574575222,0.7752754759556881,0.0001956058058543,3.952829764999189,240.80314654906545,0.4344539191712325,-6.65,444.576,107.61,-6.640099999999993,0.009900000000007125,BAJO POTENCIAL
5631,0.1521577222251172,0.8729533761108488,0.0002686476724305,4.023818323138632,240.65123169470849,0.415257945174785,-7.49,444.576,116.4,-7.284600000000003,0.20539999999999736,BAJO POTENCIAL
5623,0.1760533747233587,0.8775622008772065,0.0001999365251008,4.170921440450687,240.65123169470849,0.2545715033073231,-6.91,444.576,116.4,-6.966299999999999,0.05629999999999846,BAJO POTENCIAL
5630,0.2573548901017071,0.9215941333922112,0.0002248991386694,4.343748542891579,240.65123169470849,0.1628105914190863,-7.05,444.576,116.4,-6.890699999999996,0.15930000000000355,BAJO POTENCIAL
5629,0.1694059785267222,0.8713718507374231,0.0001948077344099,4.158917470567768,240.80314654906545,0.2575529902534701,-6.63,444.576,107.61,-6.880499999999997,0.25049999999999706,BAJO POTENCIAL
5628,0.1758215065810142,0.8755760962948643,0.0002161062623368,3.962865032319872,240.80314654906545,0.2345167103243728,-7.63,444.576,107.61,-7.443699999999996,0.18630000000000368,BAJO POTENCIAL
5625,0.0750358331800991,0.7759799550729898,0.0002122023449191,3.876565881248818,240.80314654906545,0.468186224710538,-6.98,444.576,107.61,-6.796300000000003,0.1836999999999973,BAJO POTENCIAL
5624,0.0723525298178348,0.7516998107743138,0.0001883304550894,3.90012839986504,240.80314654906545,0.4573202894746695,-6.68,444.576,107.61,-6.646299999999999,0.03370000000000051,BAJO POTENCIAL
5622,0.1912978996124661,0.8888960540521338,0.0002122460320299,4.155858872178335,240.65123169470849,0.2347783171769378,-7.27,444.576,116.4,-7.125099999999993,0.1449000000000069,BAJO POTENCIAL
5603,0.2462200131049763,0.9172091511441328,0.0002689539418793,3.99575952676158,231.6282634343332,0.2088416925352864,-7.18,430.549,107.61,-6.405400000000001,0.7745999999999986,BAJO POTENCIAL
5602,0.1000989664601562,0.8213454548924108,0.0002657356180615,3.752133477606265,231.47634857997625,0.4483007949901431,-7.0,430.549,116.4,-7.1963,0.19629999999999992,BAJO POTENCIAL
5621,0.1716525726827079,0.8764692669975421,0.0002269230969549,3.952499327999506,240.80314654906545,0.2724963939807746,-6.92,444.576,107.61,-7.105999999999997,0.18599999999999728,BAJO POTENCIAL
5605,0.194831187454966,0.8927690862827529,0.0002246886743175,4.18415026531925,231.6282634343332,0.2470487594198047,-7.43,430.549,107.61,-7.119299999999995,0.3107000000000051,BAJO POTENCIAL
5606,0.2157289589564716,0.8935890478031734,0.000180536387674,4.302835094327993,240.65123169470849,0.1527756717535865,-6.64,444.576,116.4,-6.9015999999999975,0.26159999999999783,BAJO POTENCIAL
5607,0.2197572188445446,0.8997650146505642,0.0001970952456844,4.2559179324107,240.65123169470849,0.1733776976600896,-6.64,444.576,116.4,-6.922999999999995,0.28299999999999503,BAJO POTENCIAL
5608,0.2012443908046575,0.9011817209399544,0.0002685737531411,4.028402188983863,240.80314654906545,0.333170598953263,-7.16,444.576,107.61,-6.947699999999998,0.2123000000000017,BAJO POTENCIAL
5612,0.150865455126443,0.869745962074383,0.0002586576867512,3.910879547116482,240.80314654906545,0.387899826734082,-6.69,444.576,107.61,-6.787900000000005,0.09790000000000454,BAJO POTENCIAL
5613,0.072706628027989,0.7856895857589479,0.0002739767347828,3.724086993243815,240.80314654906545,0.5475694402318472,-8.34,444.576,107.61,-7.6637999999999975,0.6762000000000024,BAJO POTENCIAL
5614,0.192095018148335,0.8818664205658784,0.0001872401442105,4.199141322385611,240.65123169470849,0.2125523060409566,-6.75,444.576,116.4,-6.8267,0.07669999999999977,BAJO POTENCIAL
5615,0.2042030758618997,0.8897399545411899,0.0001954368248204,4.16793329820841,240.65123169470849,0.1828080575859979,-7.18,444.576,116.4,-7.109599999999992,0.07040000000000735,BAJO POTENCIAL
5616,0.197453570452435,0.8788808677785018,0.0001957732528591,3.976481998507824,240.80314654906545,0.207723919684124,-7.49,444.576,107.61,-7.265300000000002,0.22469999999999857,BAJO POTENCIAL
5620,0.1696297446083134,0.8756555842478708,0.0002295907519687,3.939105471140045,240.80314654906545,0.2500942760210247,-7.68,444.576,107.61,-7.329499999999992,0.35050000000000736,BAJO POTENCIAL
1098,0.1464562176459996,0.8620883845179016,9.357133830038622e-05,5.025210800633413,353.6933723271973,0.3138631449749974,-7.4,680.803,215.06,-7.158999999999991,0.24100000000000943,BAJO POTENCIAL
1106,0.1744099302104476,0.8857342559495925,9.895746783409055e-05,5.100733081169333,368.0529891609668,0.3630302157977904,-8.0,710.829,217.71,-6.7475999999999985,1.2524000000000015,BAJO POTENCIAL
1100,0.2945746932074668,0.9390445984035696,0.0001773751749165,4.79798975024466,335.3436060977328,0.2823319993281272,-7.7,652.749,215.06,-7.819600000000006,0.11960000000000548,BAJO POTENCIAL
1101,0.2277651990766636,0.906819926780784,9.671925032599632e-05,5.138363391631758,338.6752576487749,0.1715228606766284,-8.0,665.748,237.92,-7.652300000000001,0.3476999999999988,BAJO POTENCIAL
1102,0.2969497932287274,0.9397484473506952,0.0001401752668688,5.282225046776449,349.39939322278826,0.2627982840639646,-7.7,682.775,235.29,-7.521487703060005,0.17851229693999482,BAJO POTENCIAL
1103,0.1559157142061564,0.8705877902717798,6.945679395386326e-05,5.466415830358733,425.9750994974879,0.3737252173852644,-10.0,804.005,172.81,-8.722899999999997,1.2771000000000026,BAJO POTENCIAL
1104,0.0923595924563488,0.7857110877097544,6.346864039544331e-05,5.026869298668893,425.9750994974879,0.425149441678967,-10.0,804.005,172.81,-6.485200000000004,3.5147999999999957,BAJO POTENCIAL
1105,0.1435481993110071,0.8597687264773461,9.486372577055256e-05,4.92297334034102,358.7261911918775,0.3069720283444262,-7.7,696.802,226.5,-7.3488999999999995,0.35110000000000063,BAJO POTENCIAL
7403,0.2147251093378756,0.90873535835915,0.0001015522623195,5.280473099595529,401.2376144307709,0.2856346108603026,-6.86,731.98,186.12,-6.592000000000008,0.2679999999999927,BAJO POTENCIAL
7402,0.2555315007539609,0.9241652602703252,9.359746516678236e-05,5.513105064166286,401.23761443077086,0.2376352967393376,-6.64,731.98,186.12,-6.416399999999994,0.22360000000000557,BAJO POTENCIAL
1099,0.21811957638312,0.8936224645046433,8.326964973729461e-05,5.260269774117077,330.4627020874096,0.1639521205752592,-8.0,636.75,194.83,-7.50903671307,0.4909632869299996,BAJO POTENCIAL
1097,0.2282991656887349,0.91452050216381,0.0001429302739192,4.7706622922213375,341.17116726956,0.2549301444970494,-10.0,642.798,186.04,-9.113399999999999,0.8866000000000014,BAJO POTENCIAL
1066,0.2072355101594582,0.899703421908579,8.893149211282016e-05,5.2372370869319385,387.0455828432214,0.2191250332268776,-6.96,712.933,186.04,-6.816800000000003,0.14319999999999666,BAJO POTENCIAL
1060,0.1380982850953999,0.8255913093123219,6.268853550192895e-05,5.079457462204125,415.0259767504893,0.3051667877372361,-7.0,755.014,159.67,-6.5311,0.46889999999999965,BAJO POTENCIAL
1075,0.2296360050000048,0.9156390072678828,8.192986126573064e-05,5.805534266412996,460.5308888134421,0.4087981602391507,-10.0,882.079,213.18,-8.264499999999998,1.7355000000000018,BAJO POTENCIAL
1068,0.2174555963416811,0.9081395683805116,9.641199127603755e-05,5.273129714413135,386.6797905038137,0.2875673896849179,-6.72,719.928,172.81,-6.923500000000011,0.20350000000001156,BAJO POTENCIAL
1073,0.1680212762047812,0.876146065109637,5.249163214609293e-05,5.946066097006003,452.1278383682078,0.3026664879627824,-10.0,872.039,181.6,-7.9558,2.0442,BAJO POTENCIAL
1096,0.0787722836486404,0.7941553060337495,0.0001257506014736,4.643557158656218,350.65963683259065,0.6198531424090378,-8.0,674.799,177.25,-6.072505693340003,1.9274943066599972,BAJO POTENCIAL
1047,0.1790282363567638,0.8874699899295332,9.280816768601584e-05,5.203070724886111,387.04558284322144,0.3485117518202988,-6.96,712.933,186.04,-6.647500000000001,0.3124999999999991,BAJO POTENCIAL
1046,0.1376566425670753,0.8513695410188812,9.596057299018934e-05,4.762588718404776,374.20684242898113,0.317172645796743,-7.05,696.89,177.25,-6.594801897779995,0.4551981022200051,BAJO POTENCIAL
1074,0.2020595391767413,0.9009502110066376,7.19448341567624e-05,5.710977183189603,430.024709865748,0.2895667782432121,-10.0,809.025,197.39,-8.761987703059997,1.2380122969400027,BAJO POTENCIAL
1076,0.1169334389951664,0.8184704080380185,5.725059282482528e-05,5.354357645186047,419.2152968856466,0.3535801221085154,-7.1,806.965,227.85,-6.148216525509996,0.9517834744900036,BAJO POTENCIAL
2378,0.1717414853699178,0.8656389316112327,5.737179453841282e-05,5.559873151259294,421.9626183101892,0.2202568776900539,-10.0,781.009,244.24,-7.607736531910002,2.3922634680899977,BAJO POTENCIAL
1091,0.1700151532597416,0.875237260278769,8.417066013922493e-05,5.092447724249298,382.1519731850095,0.2445344877689466,-7.0,718.896,168.46,-6.592499999999998,0.4075000000000024,BAJO POTENCIAL
1093,0.2036874774579221,0.8915908829027551,4.6806651936702e-05,6.142486237961785,458.0164081067312,0.1983347003714956,-10.0,880.073,393.32,-9.125800000000002,0.8741999999999983,BAJO POTENCIAL
1094,0.1903159762843112,0.8766209038485419,0.0001979933805636,3.9386223599693135,235.35679225759625,0.1924679653053348,-8.0,454.528,157.02,-8.047099999999993,0.04709999999999326,BAJO POTENCIAL
1090,0.345703038688067,0.9523452905856188,0.0001687139435162,5.0949345401808985,363.95412180990166,0.3111111750760988,-10.0,690.842,159.67,-8.5514,1.4486000000000008,BAJO POTENCIAL
1089,0.2544944094207954,0.924500296653834,0.0001149504064522,5.2496118101101255,354.6273238408125,0.2589199356850144,-6.85,676.815,168.46,-6.0961,0.7538999999999998,BAJO POTENCIAL
1088,0.3184957462514992,0.9448291738995614,0.0001306630614557,5.283163727979416,354.6273238408125,0.210284410338983,-7.52,676.815,168.46,-7.476600000000001,0.04339999999999833,BAJO POTENCIAL
1086,0.1478605560597035,0.8698487133472144,0.0001153320669716,4.991809341258646,363.95412180990166,0.4848243597949537,-7.15,690.842,159.67,-5.607000000000004,1.5429999999999966,POTENCIAL MEDIO
1085,0.2862470732097529,0.9361632694242537,0.0001348274205387,5.093727363159401,363.9541218099017,0.2432819811248153,-6.8,690.842,159.67,-6.641699999999998,0.15830000000000144,BAJO POTENCIAL
1083,0.3658731344967735,0.9566580106986534,0.0001689412837694,5.160931041615468,335.973727902634,0.1813964075985943,-7.52,648.761,186.04,-7.555099999999993,0.03509999999999369,BAJO POTENCIAL
2376,0.1871494492362871,0.8933545527440739,8.40369574371539e-05,5.3938050512368685,412.6358203410999,0.2940267081864722,-10.0,766.982,253.03,-6.747447107220001,3.252552892779999,BAJO POTENCIAL
2377,0.1590678876236739,0.8739878455459261,7.226254987475952e-05,5.415848322648692,440.6162142483677,0.386696441763879,-6.66,809.063,226.66,-6.6005,0.059499999999999886,BAJO POTENCIAL
1080,0.3368708057974501,0.949549519836718,0.0001339635694951,5.379955992840278,348.81246831687406,0.155945572903185,-7.7,664.804,194.83,-6.781299999999995,0.9187000000000047,BAJO POTENCIAL
1081,0.2736953105013357,0.9320038555153134,0.0001472041595638,4.938896941366609,335.973727902634,0.2258765306168351,-8.0,648.761,186.04,-7.6747000000000005,0.3252999999999995,BAJO POTENCIAL
2380,0.0713569739331685,0.7807477189236739,7.618313626548723e-05,5.095619278357839,431.2894162792784,0.671171958844073,-10.0,795.036,235.45,-8.7771,1.2228999999999992,BAJO POTENCIAL
1079,0.4472314870221447,0.9710808675006622,0.0002062426653098,5.290267698556342,335.973727902634,0.1940402446915414,-7.15,648.761,186.04,-7.34339999999999,0.1933999999999898,BAJO POTENCIAL
2381,0.192817998738646,0.8972717729982784,8.539542327296695e-05,5.363985246632742,411.41582472198,0.318175512457036,-10.0,792.935,253.03,-6.888793919050003,3.111206080949997,BAJO POTENCIAL
2382,0.1342066116626709,0.8465236246351044,5.7511587183565936e-05,5.504626409793405,448.7230165983372,0.404361740018637,-10.0,849.043,217.87,-8.302399999999999,1.6976000000000013,BAJO POTENCIAL
2383,0.1299533472612244,0.8535466049557346,7.13730021447279e-05,5.394671582721849,439.396218629248,0.4698279392979365,-10.0,835.016,226.66,-6.151300000000003,3.8486999999999973,BAJO POTENCIAL
2384,0.164246085271329,0.8774566342145713,6.40842254505317e-05,5.72678126275663,430.0694206601586,0.3737012687427341,-10.0,820.989,235.45,-8.612,1.388,BAJO POTENCIAL
1078,0.2156569988482981,0.902258674761278,0.0001035088941398,5.039857354459272,335.973727902634,0.2007603376782744,-8.0,648.761,186.04,-7.5257,0.4743000000000004,BAJO POTENCIAL
2385,0.1575857633163543,0.8749442370632177,6.605996570450228e-05,5.650512941069284,442.8097935403284,0.4145825267526603,-10.0,851.019,282.89,-8.668799999999997,1.3312000000000026,BAJO POTENCIAL
2379,0.1689757895118183,0.8778636912804344,7.452744517076925e-05,5.323962460668991,421.9626183101892,0.295588845364916,-10.0,781.009,244.24,-8.592436531910002,1.4075634680899984,BAJO POTENCIAL
1082,0.2532532108135477,0.9247178919043356,0.0001776707504999,4.7571262458324375,335.973727902634,0.3756888408696008,-8.0,648.761,186.04,-8.181999999999999,0.1819999999999986,BAJO POTENCIAL
1077,0.1986357961757424,0.9014134289265772,8.222387311704697e-05,5.633025879286604,419.2152968856466,0.3459166849484441,-7.05,806.965,227.85,-6.659287703059993,0.39071229694000653,BAJO POTENCIAL
6666,0.1750603370723594,0.8861456152135582,5.107037346940642e-05,6.025796138843747,534.6821938225747,0.3650018314501679,-7.82,988.282,261.83,-7.151740666230003,0.6682593337699974,BAJO POTENCIAL
1882,0.1741845641676495,0.8469949755685979,2.8432009662972843e-05,6.304969103936341,559.4939449163077,0.2176204429893511,-6.92,1039.33,223.33,-6.06883850445,0.8511614955499995,BAJO POTENCIAL
8121,0.1435515792014205,0.8522057286351172,3.554957303340953e-05,6.296578036740256,554.2840166713863,0.333417232135459,-6.927245587,1034.376,244.25,-6.540485909580006,0.3867596774199935,BAJO POTENCIAL
1881,0.1281338271209,0.8359799093346619,3.183293414103495e-05,6.262346268988202,624.3766245640867,0.395897695823323,-8.0,1122.548,203.02,-5.768265493169999,2.2317345068300014,POTENCIAL MEDIO
1867,0.1959363145440938,0.892055913592332,7.22323827084502e-05,5.404759859950253,414.0128107698972,0.2692433804125957,-7.64,784.956,182.71,-6.888599999999997,0.751400000000003,BAJO POTENCIAL
5803,0.2034209298180654,0.9038371138573223,6.307256492743434e-05,5.923798549362225,553.3357897607533,0.4267992794038948,-6.97,1016.336,244.25,-6.541729233610011,0.4282707663899892,BAJO POTENCIAL
1864,0.079600171072457,0.79635849588273,5.064038733652102e-05,5.6296388195215945,579.1607068350781,0.6450698204029376,-7.48,1037.442,182.71,-6.889723207810009,0.5902767921899912,BAJO POTENCIAL
1878,0.2345061680103231,0.9167165550260512,6.374523844634792e-05,5.879791338295112,505.10314407256703,0.303447942397137,-7.3,940.197,203.02,-6.835150080979997,0.4648499190200024,BAJO POTENCIAL
1874,0.1934746697969821,0.8881954894210534,6.363334939414716e-05,5.442449920942466,450.71234322882646,0.2402271107637646,-6.62,841.064,182.71,-6.355700000000002,0.26429999999999776,BAJO POTENCIAL
1877,0.202295764829903,0.8941218088249254,4.2186386264301617e-05,6.1919165530953295,560.8109406056136,0.2355746361397513,-8.0,1009.388,182.71,-6.982536713070004,1.0174632869299964,BAJO POTENCIAL
2359,0.2016201065981365,0.8994984013489264,3.032942465556984e-05,7.052039957552529,670.31072960867,0.2770569312927213,-6.66,1214.646,275.64,-6.415000000000004,0.24499999999999655,BAJO POTENCIAL
2360,0.1870377483873461,0.8695248560215156,2.251366365320753e-05,6.98870716003684,664.7458957693793,0.1880417885342217,-6.78,1202.635,276.59,-5.922478935680002,0.8575210643199984,POTENCIAL MEDIO
2367,0.2420202139206808,0.9200549951156224,6.977251988103409e-05,5.889635068606002,468.04486712075305,0.2733546389411477,-6.93,880.1,188.77,-7.136170518579994,0.20617051857999424,BAJO POTENCIAL
6423,0.2414742214166152,0.9203608767856571,5.913303276409445e-05,6.128861600689933,534.6821938225747,0.318753820722546,-7.21,988.282,261.83,-6.736442062240002,0.4735579377599981,BAJO POTENCIAL
8346,0.2541923911836821,0.923200409186314,4.874516469934864e-05,6.444192978032894,539.7500225957866,0.2089638351783331,-6.672617437,1008.338,244.25,-6.291714484479994,0.3809029525200067,BAJO POTENCIAL
8184,0.1932706920485332,0.8841606766013242,3.3072493054752724e-05,6.706830197301264,539.7500225957867,0.2131806322505987,-6.929917083,1008.338,244.25,-6.448966440089997,0.48095064291000345,BAJO POTENCIAL
2440,0.1622209111774866,0.8515196560422452,3.0967791964066494e-05,6.400191316917165,547.5099386625275,0.2723613940354865,-7.76,1015.308,247.49,-7.111346655919993,0.6486533440800066,BAJO POTENCIAL
2369,0.3027486840742866,0.9413679199451134,8.577821601538915e-05,5.925809496139628,458.86998400602073,0.2824071670519282,-6.66,866.073,188.77,-6.427787703060001,0.23221229693999934,BAJO POTENCIAL
2446,0.2012032073320091,0.898521477077875,3.898437607734698e-05,6.498304461385701,588.1869148692626,0.2805375202843381,-6.85,1091.406,247.49,-6.567248621610011,0.28275137838998887,BAJO POTENCIAL
2374,0.2821864671753135,0.9331679183056792,7.496848014972666e-05,5.878226080497339,440.5202177765562,0.1887616234174282,-6.65,838.019,188.77,-6.570899999999992,0.07910000000000839,BAJO POTENCIAL
2321,0.2312426179826001,0.9129430901660112,7.241699970759678e-05,5.656032668427976,457.56282712083,0.2384050954208319,-6.96,819.145,139.44,-6.675600000000002,0.284399999999998,BAJO POTENCIAL
8304,0.1875575732119916,0.8843812650257049,3.918586152914401e-05,6.380505098641279,521.4002563663222,0.2644241269852383,-8.271039415,980.284,244.25,-7.611151705720008,0.6598877092799924,BAJO POTENCIAL
8464,0.2114805243829352,0.9078228645582236,0.0001322957589799,4.944562724986251,333.78427878684926,0.353663528512699,-7.619788758,671.711,208.95,-6.894364058069998,0.7254246999300022,BAJO POTENCIAL
2506,0.1010366275672111,0.8245482045197317,0.0004207053217106,3.4184898933153818,185.1538121691238,0.5124071338954153,-7.8,342.44,119.56,-7.735299999999992,0.0647000000000082,BAJO POTENCIAL
1889,0.238831839841656,0.9196405358497216,8.005520937830463e-05,6.140619942666682,381.36676875315857,0.272737483246634,-10.0,744.846,213.29,-8.501315471569999,1.498684528430001,BAJO POTENCIAL
7447,0.2170038366170435,0.9104396187730392,6.086613540778414e-05,6.38138147441073,478.1213138586347,0.3732221489929264,-10.0,918.113,286.59,-6.637827417480004,3.362172582519996,BAJO POTENCIAL
958,0.348658764654686,0.9519716005326544,0.0003998606554018,4.452929960080114,222.15522757555223,0.3411952389204649,-10.0,420.51,115.89,-9.117600000000005,0.8823999999999952,BAJO POTENCIAL
7382,0.1587299914260825,0.8652190809152435,0.0001348436301829,4.44800818058743,290.3710082471869,0.2986166452461933,-7.62,563.659,155.49,-7.215700000000003,0.40429999999999744,BAJO POTENCIAL
7812,0.1759813190538052,0.8832689582067587,3.260061748169928e-05,6.613987747276463,630.5719925716863,0.2852618047051147,-6.72,1188.486,278.8,-6.446182721640011,0.2738172783599886,BAJO POTENCIAL
8355,0.2281348582343119,0.9059791419590196,2.1747832493476163e-05,7.325800693033155,743.1357687781057,0.1849292050781808,-6.823908741,1430.163,290.32,-6.419985773070001,0.40392296792999893,BAJO POTENCIAL
2403,0.1739778433012005,0.8822660195285889,0.000143261575337,4.482912099205871,321.57040388559955,0.313601664261955,-7.0,589.782,156.6,-6.6722,0.32779999999999987,BAJO POTENCIAL
1452,0.1170446334809084,0.8340234059173695,4.655155502921818e-05,5.996895030085428,476.4997089885525,0.3637515595984451,-7.6,905.11,175.72,-6.7969770028100065,0.8030229971899931,BAJO POTENCIAL
2513,0.2921424567219589,0.9373565876962052,0.0003239170679826,4.094035064252844,231.34181419108344,0.2062003998150933,-7.8,430.549,110.77,-7.208299999999997,0.591700000000003,BAJO POTENCIAL
7090,0.3467965243454394,0.9526453293816216,5.07048300233648e-05,6.963145132022776,617.2392726196252,0.2450579946358942,-6.76,1208.39,253.04,-6.2675893539299965,0.4924106460700033,BAJO POTENCIAL
963,0.2148113617141014,0.9071458654159994,4.1110002142823805e-05,6.438130089022984,601.2629939754867,0.2951083475525398,-9.4,1136.403,330.43,-8.027348621609995,1.372651378390005,BAJO POTENCIAL
8466,0.0868524655060619,0.80339847503585,6.347558113627743e-05,5.48939361076038,434.0595700558538,0.5634515359278814,-10.0,819.017,232.8,-6.6015989884899975,3.3984010115100025,BAJO POTENCIAL
8017,0.1837547733634717,0.8711944099221325,1.6520580998830302e-05,7.82782073581147,719.1865055279281,0.1968370316346003,-7.06,1351.139,286.26,-6.705387207599994,0.35461279240000554,BAJO POTENCIAL
7783,0.1729552927919251,0.8716488720820273,2.538767541439446e-05,6.832304842876943,667.0602277689326,0.2538943379678441,-7.54,1237.596,334.27,-6.9624,0.5776000000000003,BAJO POTENCIAL
7424,0.1975552603599203,0.9009602737590112,0.0001155536285648,5.136482067240308,377.69040883438026,0.3675079245932548,-6.83,709.889,186.12,-6.747100000000002,0.08289999999999775,BAJO POTENCIAL
8446,0.1755944914627927,0.887850110673288,0.0002830546209914,4.086826316478266,253.7929368340699,0.4844918122226452,-6.61,467.614,95.47,-6.029600000000006,0.5803999999999947,BAJO POTENCIAL
943,0.1503300323215103,0.8486146697202915,0.0001229503401934,4.345208567863399,312.21562404981523,0.2893661796653592,-6.66,579.739,154.22,-6.376300000000003,0.28369999999999695,BAJO POTENCIAL
5426,0.1393116586323609,0.8510939585606208,4.996916797329373e-05,5.62034456810435,494.9796426507312,0.3254227611629603,-10.0,944.146,159.75,-8.52692198568,1.4730780143200004,BAJO POTENCIAL
8070,0.2067357167763806,0.8862957674534918,1.8283091314553915e-05,7.7020020802960465,688.8969728731345,0.1874066736856852,-6.7,1313.053,312.25,-6.431341003480003,0.2686589965199975,BAJO POTENCIAL
956,0.1989605438582148,0.8861389794683826,1.854105064309292e-05,7.59907353359707,730.0761318381224,0.2035214778436936,-7.24,1387.686,435.58,-7.057200000000005,0.18279999999999497,BAJO POTENCIAL
1029,0.0833940727358026,0.8026053361053338,9.34108110658686e-05,4.861952964779665,437.1915151338187,0.5459078508067781,-7.0,785.084,159.67,-6.598500000000001,0.40149999999999864,BAJO POTENCIAL
2060,0.2636813037791233,0.926445314969338,2.3188711187098164e-05,7.696023198666026,794.6985353688387,0.1928376447088469,-7.0,1499.933,338.45,-6.6469000000000005,0.3530999999999995,BAJO POTENCIAL
2444,0.2021563141363936,0.8932038538426642,3.673160757661584e-05,6.3485834804859405,589.3230163509633,0.1971616599301497,-7.44,1087.415,256.72,-6.893122047750011,0.5468779522499894,BAJO POTENCIAL
1830,0.3713371274087971,0.9579433973553492,0.0001274643689957,5.5788150893789314,412.0917030320972,0.2067475302323021,-7.8,777.964,218.3,-7.163650812239992,0.6363491877600076,BAJO POTENCIAL
5600,0.1492867127636591,0.8703526164067859,0.0003070745417719,3.961500190484303,231.6282634343332,0.4428748959951142,-7.21,430.549,107.61,-7.133200000000005,0.0767999999999951,BAJO POTENCIAL
5653,0.1892356913672635,0.8821292752903932,6.543523194621969e-05,5.4979364559461965,400.6522592739857,0.204157948709792,-6.7,757.999,194.91,-6.398400000000002,0.30159999999999787,BAJO POTENCIAL
1954,0.0993935264273542,0.8094905428530371,1.9620640803879928e-05,7.061701844380647,796.0323566551938,0.4294935870432663,-6.8,1455.936,308.34,-6.561977002809999,0.23802299719000075,BAJO POTENCIAL
8400,0.2166056760805831,0.9009557232483444,3.4375286661072106e-05,6.638589198491911,595.0211681805494,0.2030296618344345,-7.296440205,1091.454,248.66,-5.857534773230006,1.438905431769994,POTENCIAL MEDIO
7358,0.2014998066399499,0.890803789503896,2.5206344843014657e-05,7.028938739452944,684.6486918506531,0.2032587160812838,-8.05,1251.667,301.66,-6.328100000000001,1.7218999999999998,BAJO POTENCIAL
8063,0.1699145800285635,0.8772510765398054,2.2965597583365083e-05,7.247130538795106,713.9055939164896,0.2229445594880136,-6.82,1342.135,278.88,-6.364829030720002,0.45517096927999834,BAJO POTENCIAL
7289,0.1777499396698951,0.8824874608763855,5.162565461585137e-05,5.824315200219301,492.93126324771896,0.3176832437893865,-7.16,938.206,217.95,-5.807513400729996,1.3524865992700041,POTENCIAL MEDIO
960,0.3339120953140694,0.9495855101525988,0.000298775423876,4.389804561633738,256.1567067497629,0.2199346805002836,-7.24,488.585,137.07,-6.999800000000007,0.24019999999999353,BAJO POTENCIAL
6771,0.1388784654546218,0.8420343417603952,3.93119141394449e-05,5.935570160448776,534.6821938225747,0.3064334425000827,-6.77,988.282,261.83,-6.171720117860002,0.5982798821399973,BAJO POTENCIAL
8024,0.190718599604569,0.8682504436493406,1.4942649370296344e-05,7.744575970854946,775.9785362719648,0.1799489301038372,-6.82,1431.878,362.36,-6.621282721640005,0.19871727835999486,BAJO POTENCIAL
7806,0.2551897024906693,0.9232275534854596,3.2723858231915214e-05,7.158718594684923,668.0127985827156,0.2120542701560465,-6.7,1204.651,287.59,-6.434811433660002,0.2651885663399982,BAJO POTENCIAL
2912,0.1710496306518047,0.8847487058922605,9.813785041719092e-05,5.182045195383402,386.2940374350612,0.3646039849243915,-10.0,716.924,157.02,-8.6179,1.3820999999999994,BAJO POTENCIAL
7243,0.1842533498420334,0.8888880043875613,7.792918186312056e-05,5.237723429989347,438.9739027064065,0.3016835003466804,-6.74,813.054,197.64,-6.600400000000003,0.13959999999999706,BAJO POTENCIAL
7922,0.2561338720280366,0.9229863242874794,1.99329430557676e-05,8.093632402959125,815.4440869685237,0.1744481094507322,-6.66,1519.935,335.59,-6.384500000000002,0.2754999999999983,BAJO POTENCIAL
1632,0.1015798695542326,0.8160397738277759,8.855235830476505e-05,4.845354323576075,383.76628161725415,0.4531152617718147,-7.24,710.917,157.46,-6.646100000000005,0.5938999999999952,BAJO POTENCIAL
7216,0.1301712762803182,0.8107961086354314,2.5083279595436264e-05,6.439219261727198,601.5318538245903,0.318801262920327,-6.9,1125.42,298.95,-6.644355757269991,0.25564424273000963,BAJO POTENCIAL
7843,0.1896128223522675,0.8731476342524133,1.850325109958673e-05,7.573237605098471,684.3321564940502,0.180323483603135,-7.14,1273.629,316.69,-6.8284338508599935,0.31156614914000613,BAJO POTENCIAL
1225,0.1908909240084977,0.8928568513550794,9.743031893486269e-05,5.07023439103865,383.34359276437726,0.2998332717354767,-7.62,703.926,159.75,-6.941000000000002,0.6789999999999985,BAJO POTENCIAL
8037,0.1447091263677129,0.8380866055845138,1.3934181715505249e-05,7.878493477701286,786.8232841112109,0.2824932793494129,-6.85,1480.301,306.13,-6.623298039200007,0.22670196079999272,BAJO POTENCIAL
882,0.5086736750889677,0.9789458479684512,4.238495797340345e-05,8.808003647723607,744.5886512889543,0.1563909408970369,-7.0,1369.802,325.48,-6.5762,0.42379999999999995,BAJO POTENCIAL
8375,0.1573010414677061,0.8434324312227036,1.4479959674054425e-05,7.74115110699253,743.7494324074128,0.2481974158742175,-7.15490196,1432.603,278.88,-6.655673427579999,0.499228532420001,BAJO POTENCIAL
2430,0.2795679221244364,0.9344290292576356,4.7533147310883205e-05,6.885422897503919,598.6595710596367,0.2605402972311345,-6.97,1119.416,256.72,-6.623400000000013,0.34659999999998714,BAJO POTENCIAL
8437,0.3685683591799837,0.9573799137661626,0.0003732610695989,4.335388518655134,235.13934089589145,0.2357833973685734,-7.72,439.56,115.12,-7.777200000000013,0.05720000000001324,BAJO POTENCIAL
2394,0.0737840465819793,0.7807184550480541,0.0001534085747015,4.263241252846773,300.0875570510186,0.585490082050396,-6.7,537.746,145.5,-6.607600000000004,0.09239999999999604,BAJO POTENCIAL
7501,0.1906963253199193,0.8781452290251103,1.8353633670851043e-05,7.587701940020451,712.2859022375254,0.1937145225763918,-6.96,1340.676,363.37,-6.774600000000001,0.18539999999999868,BAJO POTENCIAL
7197,0.16110403672953,0.8496101282512238,3.592793044540019e-05,6.085302926793395,518.6875162426887,0.2793297789894529,-6.7,959.244,238.26,-5.863279288540003,0.8367207114599973,POTENCIAL MEDIO
7380,0.2599004628429694,0.9264071375609508,0.0001689792703954,4.739867823159543,287.84880388324564,0.2497173072880217,-7.35,568.7,149.6,-6.924700000000007,0.4252999999999929,BAJO POTENCIAL
2509,0.2755654783565492,0.9327033682737104,0.0002980943768028,4.272603737577911,235.00567149059128,0.2667453398231495,-8.2,432.565,119.56,-7.799900000000005,0.4000999999999939,BAJO POTENCIAL
7758,0.1243003076171631,0.8160826526596233,1.799289466984122e-05,7.219001893941849,717.5197465078284,0.3577505482948094,-7.04,1327.721,299.11,-6.667999999999999,0.3720000000000008,BAJO POTENCIAL
888,0.5615553150426735,0.9841184673347028,3.177125525224691e-05,9.95606942932278,921.1803753452724,0.156579114459,-7.0,1745.057,366.1,-6.493000000000002,0.5069999999999979,BAJO POTENCIAL
8023,0.1438961108687941,0.8266601974099365,1.478093928748833e-05,7.494909580414784,771.1442649567996,0.2510470080791143,-6.7,1436.293,327.79,-6.484700000000001,0.21529999999999916,BAJO POTENCIAL
8046,0.1459293640464787,0.8683259677519355,2.3876070236951688e-05,7.389639909541358,804.9745985507426,0.4408760565648226,-6.96,1469.963,319.34,-6.4967000000000015,0.4632999999999985,BAJO POTENCIAL
8091,0.2416424309822185,0.905445707209174,1.8444869386676218e-05,7.993778463746341,665.0233966153172,0.1062008236526384,-7.301029996,1294.956,249.78,-5.724558240329998,1.5764717556700019,POTENCIAL MEDIO
1926,0.1934304256694018,0.8883663250069018,2.318376283677275e-05,7.255555085716555,707.6654846053905,0.227582114109077,-6.89,1302.715,294.67,-6.414699999999995,0.4753000000000043,BAJO POTENCIAL
8444,0.3407884240468806,0.950529269279936,0.0003136188806647,4.349162258839692,235.29125575024847,0.1674546983161989,-6.76,439.56,106.33,-6.0784,0.6815999999999995,BAJO POTENCIAL
7351,0.2440921040254064,0.9177625094277512,3.140558236825228e-05,7.093511680268351,656.3851912270121,0.2039031039668541,-7.0,1209.586,287.67,-5.975765224820001,1.0242347751799992,POTENCIAL MEDIO
1473,0.2013272850296108,0.8821666354362169,5.2380526885319015e-05,5.697357943151714,443.6860162266974,0.1693449471740432,-6.64,822.061,174.7,-6.4734999999999925,0.1665000000000072,BAJO POTENCIAL
902,0.3828331552949656,0.9601025524377692,2.827174135080537e-05,8.381060898820682,840.2179261138973,0.1530629395863627,-6.85,1534.051,366.1,-6.54410000000001,0.3058999999999896,BAJO POTENCIAL
4264,0.1233264250727774,0.8109509043190053,5.6903842257131634e-05,5.078678074738197,446.4996938027406,0.3725053690741813,-10.0,828.068,150.96,-8.252699999999999,1.747300000000001,BAJO POTENCIAL
7882,0.0958560293094826,0.8090994968191175,2.010496561115287e-05,7.306869823552314,723.2154214209429,0.3670993399155028,-7.54,1371.696,307.9,-7.176077002809997,0.3639229971900031,BAJO POTENCIAL
295,0.3653029010643494,0.956445499437282,2.455042811195672e-05,8.625301809305228,848.6285581725808,0.1720026539143507,-6.68,1574.031,339.73,-6.512299999999995,0.1677000000000044,BAJO POTENCIAL
8069,0.1443458150053264,0.8444268884780287,1.8695111433839613e-05,7.086605231784853,775.2269908638049,0.2984040509583998,-7.3,1435.869,333.34,-5.873572455870001,1.4264275441299992,POTENCIAL MEDIO
1500,0.1693718924708681,0.8732617072916434,6.526621040588334e-05,5.428780114845078,424.061696402647,0.2818017997345515,-6.77,798.002,170.15,-6.361899999999994,0.40810000000000546,BAJO POTENCIAL
7999,0.1856221286094055,0.8862476617924984,1.805315253351362e-05,7.790204021695639,802.7686585831894,0.3007271546223835,-7.33,1491.369,320.37,-6.860100000000005,0.46989999999999466,BAJO POTENCIAL
855,0.161055255691017,0.8742519859343199,2.3637544499924845e-05,7.200331303091428,745.7250488488935,0.3115511293149869,-6.82,1372.805,305.17,-6.437000000000003,0.38299999999999734,BAJO POTENCIAL
1934,0.1258282684641119,0.843742503571084,2.159532643029701e-05,7.106297795069367,771.7250459062707,0.3840125815499015,-8.04,1422.866,306.11,-7.064800000000002,0.9751999999999974,BAJO POTENCIAL
8010,0.2042148847618716,0.901657808893582,2.3971757508735583e-05,7.410721211267194,761.8746674391293,0.2858563333163772,-7.02,1430.238,307.01,-6.6694390874099945,0.3505609125900051,BAJO POTENCIAL
7748,0.21441452069854,0.909220584072894,3.8648247968950576e-05,6.731869895387273,675.9312811749509,0.3416291016949166,-7.47,1251.623,351.85,-7.1714000000000135,0.2985999999999862,BAJO POTENCIAL
1924,0.2378290020118824,0.9174329075454856,2.1911902037081308e-05,7.849717451887112,801.9882706087686,0.2604072791127091,-6.77,1502.974,342.12,-6.456099999999996,0.31390000000000384,BAJO POTENCIAL
1348,0.1040757165081365,0.8293376762770631,8.40110466249978e-05,5.2197885219110685,424.4024794277472,0.4402740377961058,-7.1,785.471,139.44,-6.699200000000008,0.4007999999999914,BAJO POTENCIAL
7751,0.1497979150936638,0.8640789496439084,2.470476419911364e-05,6.992572058650966,713.855889208321,0.3289624808190715,-7.05,1325.705,290.32,-6.45148200696,0.5985179930399998,BAJO POTENCIAL
904,0.3706309178844318,0.9577888970378576,2.274880014352232e-05,9.035158294171906,880.9319013809122,0.216941423868871,-7.0,1648.541,357.31,-6.076900000000004,0.9230999999999963,BAJO POTENCIAL
7787,0.1768149153750824,0.8810692875167083,2.415781175580147e-05,7.3223735461983965,672.7231684385142,0.287969277785543,-7.57,1249.607,316.69,-7.069400000000006,0.5005999999999942,BAJO POTENCIAL
2410,0.1823081312943318,0.8539315155872953,7.834895897407238e-05,4.992792881821252,335.95345389820443,0.1657204175473336,-7.0,608.829,189.82,-6.85540189778,0.1445981022199998,BAJO POTENCIAL
2433,0.2168788971294137,0.8863682540271164,2.253266773166909e-05,7.191814725567453,634.0613304429239,0.1328645525211692,-7.06,1161.541,247.49,-6.656349468939994,0.4036505310600056,BAJO POTENCIAL
2066,0.3198538958628739,0.9458644440344044,3.1301315373904804e-05,7.723759400783575,752.6954536389237,0.2222903663597241,-7.24,1409.782,316.69,-6.7222000000000035,0.5177999999999967,BAJO POTENCIAL
7826,0.3401891089833172,0.950942474476236,3.940188202678952e-05,7.302776580744624,707.8891188300253,0.2179664430247031,-7.24,1313.694,325.48,-6.556600000000006,0.6833999999999945,BAJO POTENCIAL
7215,0.1594177154191152,0.8409541038520734,3.173972046641432e-05,6.161312036654777,541.9181864824764,0.2456896932510453,-6.9,1003.297,258.49,-6.505287760789996,0.394712239210004,BAJO POTENCIAL
8,0.0702659925088712,0.7660612009969546,8.262523412433131e-05,4.872478251767331,387.0455828432214,0.5612206078098443,-7.3,712.933,186.04,-7.010699999999993,0.289300000000007,BAJO POTENCIAL
593,0.2165107952178647,0.8953504303796997,1.2208133087995423e-05,8.46315693522439,938.1845488825712,0.1716149780288535,-7.0,1733.267,382.29,-6.668699999999998,0.33130000000000237,BAJO POTENCIAL
1943,0.19046443156629,0.8931489033023849,2.28758000498187e-05,7.409992264217015,757.6474951402568,0.2929406340665827,-6.7,1419.79,337.36,-6.446400000000001,0.2535999999999996,BAJO POTENCIAL
7237,0.2177332368476931,0.9046005426469248,6.562368237950427e-05,5.552433630274133,475.9772648740497,0.2098952949924766,-6.87,869.162,180.06,-6.516200000000003,0.353799999999997,BAJO POTENCIAL
8409,0.1908917683759582,0.8665232296017602,3.404540348968775e-05,6.271286046907135,505.54477038008906,0.1989259726414519,-7.699391905,943.205,248.66,-7.090062747000002,0.6093291579999978,BAJO POTENCIAL
7696,0.1955010642373275,0.8740159645020531,1.513483510626436e-05,8.110443867050796,707.5344506940863,0.1720242323468985,-7.08,1328.665,328.21,-6.718741003480003,0.3612589965199975,BAJO POTENCIAL
989,0.2340309694674794,0.9178751458473624,0.0001289820263983,4.95583261203437,384.45016300114025,0.3753470946641066,-6.3,735.952,161.12,-6.086399999999998,0.21360000000000223,BAJO POTENCIAL
7484,0.1913628763456185,0.8856628667813035,6.03839211036124e-05,5.585486613651402,425.4125550328077,0.2305838593660193,-6.0,823.033,210.78,-6.046275541160001,0.04627554116000088,BAJO POTENCIAL
7340,0.1602387759156863,0.8380000787218437,2.2869695359732364e-05,6.670343583782186,627.98545766005,0.272610551057687,-6.19,1160.513,276.15,-5.913600525829997,0.2763994741700033,POTENCIAL MEDIO
8110,0.1868275622903422,0.893693806144559,8.424506652253044e-05,5.306995909591939,434.86998275486366,0.3574107485019083,-6.0,804.046,203.7,-5.98264710722,0.017352892779999962,POTENCIAL MEDIO
7189,0.2032716554518588,0.8992147549422518,3.5844801783855696e-05,6.553789343396387,644.934043197285,0.2994996241156941,-6.54,1160.598,258.57,-6.3966363940500015,0.14336360594999853,BAJO POTENCIAL
5604,0.2226916540537836,0.9124054454282948,0.0002949081412736,4.075393204395791,231.6282634343332,0.3005024512528499,-6.38,430.549,107.61,-6.411299999999998,0.03129999999999811,BAJO POTENCIAL
5609,0.0708184492239157,0.7824357772155962,0.000244530085394,3.9367497329202736,240.80314654906545,0.5396637142394255,-6.31,444.576,107.61,-6.545899999999994,0.23589999999999467,BAJO POTENCIAL
5610,0.1952179675646511,0.8956365795099753,0.0002439305491254,4.064764130707409,240.80314654906545,0.3596694601804945,-6.14,444.576,107.61,-6.501399999999993,0.3613999999999935,BAJO POTENCIAL
5617,0.1052899456216829,0.8178201278678491,0.0002084874717745,3.951092807013469,240.80314654906545,0.3914714199207458,-6.49,444.576,107.61,-6.616700000000002,0.12670000000000137,BAJO POTENCIAL
5619,0.2632371007832875,0.9287144112180784,0.0003513391144395,4.074697951820855,240.80314654906545,0.3938706461217742,-5.97,444.576,107.61,-6.009300000000008,0.039300000000007884,BAJO POTENCIAL
7255,0.1557770005945911,0.8397323629611477,5.1054266482107806e-05,5.456806471393776,437.582478753761,0.2791206166124459,-6.59,803.059,188.85,-6.2910999999999975,0.2989000000000024,BAJO POTENCIAL
7404,0.0547692218375288,0.7503640060954576,9.31105436978777e-05,4.92239088640756,401.23761443077086,0.699210756040873,-6.55,731.98,186.12,-6.522199999999997,0.02780000000000271,BAJO POTENCIAL
7343,0.1214280677529939,0.8139385199789135,3.0052991943387184e-05,6.044520013033306,620.344156612736,0.3737912663081059,-5.97,1138.507,267.36,-5.978518936169999,0.00851893616999888,POTENCIAL MEDIO
1062,0.2379670082088978,0.91665299241611,0.0001032377097156,5.182451627045693,383.5336403980705,0.2252456075966377,-6.54,710.917,168.46,-6.445100000000001,0.0948999999999991,BAJO POTENCIAL
1063,0.1743963554167397,0.8746264909772049,7.208858255576924e-05,5.3093220353577335,405.6991787814,0.2462898793234264,-6.17,740.987,168.46,-5.895499999999999,0.27450000000000063,POTENCIAL MEDIO
1064,0.1438547080867891,0.856815168972949,8.559080993116012e-05,5.013113748520789,387.0455828432214,0.3368873870570297,-6.23,712.933,186.04,-6.138100000000005,0.09189999999999543,BAJO POTENCIAL
1069,0.3109614171077872,0.9435768219822108,0.0001254369023409,5.322950752077273,399.5185309180538,0.2613500464350476,-6.55,735.971,181.6,-6.379475406119999,0.17052459388000063,BAJO POTENCIAL
1072,0.1832539466055811,0.8901612089465725,0.0001289351792967,5.013038949995631,399.5185309180538,0.576771557759091,-6.39,735.971,181.6,-6.350599999999994,0.039400000000005875,BAJO POTENCIAL
1053,0.1250795913822055,0.8295150792185206,7.097676739585635e-05,5.081219360502417,405.6991787813999,0.3831914076127712,-6.02,740.987,168.46,-5.813099999999999,0.20690000000000097,POTENCIAL MEDIO
1051,0.1383151464019915,0.8591369890513071,8.149311215232577e-05,5.347543539794873,396.3723808123106,0.3948052129979355,-6.12,726.96,177.25,-5.910700948890003,0.2092990511099968,POTENCIAL MEDIO
1050,0.1321560474672366,0.8376097853442003,7.015553306307881e-05,5.202375133277189,396.37238081231067,0.3590322615067459,-6.11,726.96,177.25,-5.868000948890005,0.2419990511099952,POTENCIAL MEDIO
1092,0.209811384968277,0.8968955788820714,7.266619508187397e-05,5.361688198673174,418.8515056439384,0.1848744940343188,-6.39,775.004,168.46,-5.657948621609997,0.7320513783900031,POTENCIAL MEDIO
1095,0.1000812163709025,0.784521312311677,5.498630265721377e-05,5.293785730332303,416.6483015283986,0.4260891709545547,-6.43,789.978,181.6,-6.070500000000001,0.3594999999999988,BAJO POTENCIAL
1084,0.2856768559191931,0.9360454112598392,0.0001351780737594,5.098832937170446,363.9541218099018,0.2594763805336804,-6.46,690.842,159.67,-6.497700000000004,0.03770000000000362,BAJO POTENCIAL
1087,0.1540776355113579,0.8723451381139408,9.844250872280697e-05,5.007596491897922,386.11966019323125,0.3744966981245358,-6.03,720.912,159.67,-5.8583000000000025,0.17169999999999774,POTENCIAL MEDIO
966,0.1134595573605012,0.8268738707359122,6.756476304749957e-05,5.2142903719296,443.45408635720304,0.414091174247181,-6.0,793.104,179.9,-5.761799999999999,0.23820000000000086,POTENCIAL MEDIO
5645,0.1063662653593852,0.7986398626272248,5.98478080241665e-05,5.209256438672369,413.4909996882259,0.3910935688218455,-6.0,774.042,203.7,-5.946700000000001,0.05329999999999924,POTENCIAL MEDIO
5661,0.1546457245603803,0.8697027473622476,6.0356366072776994e-05,5.630100677613221,464.0660283781017,0.3545761350424087,-6.2,871.159,224.01,-6.2113,0.011299999999999422,BAJO POTENCIAL
927,0.1493355932913586,0.8660871209101633,0.0001127864968815,4.847537115455364,334.12826946051865,0.300573717441085,-6.4,627.787,177.84,-6.268801897779995,0.13119810222000527,BAJO POTENCIAL
5668,0.1813143079079833,0.8893389605733597,4.254895915664442e-05,6.342461431257738,567.9823964471224,0.3252003435698467,-6.46,1064.405,255.76,-6.223656970609999,0.2363430293900013,BAJO POTENCIAL
5667,0.1208377459204436,0.8284283431860812,3.307663670585561e-05,6.244643386036006,581.4512586662637,0.3766975111444373,-6.46,1076.46,235.53,-6.104401524739997,0.35559847526000254,BAJO POTENCIAL
5666,0.080582551717568,0.7725108275047617,3.547773474979799e-05,5.966111594655283,568.2989318037255,0.5656581637961227,-6.46,1042.443,235.53,-6.300453933510002,0.15954606648999814,BAJO POTENCIAL
1851,0.1306261165910885,0.8558659807461397,7.197137220973956e-05,5.403514302574023,462.08521082797125,0.4240541125176443,-6.15,897.115,182.8,-5.781699999999993,0.3683000000000076,POTENCIAL MEDIO
1848,0.0787976062606107,0.7929186086784542,5.983678099302116e-05,5.795257629219778,486.7939631622726,0.5982570640622301,-6.05,929.135,185.7,-6.001623207810002,0.04837679218999824,BAJO POTENCIAL
1042,0.2556944866495108,0.9206161659055508,7.38500966202478e-05,5.642466338575632,418.4267674484412,0.1583364878838338,-6.0,792.985,139.44,-6.281699999999996,0.2816999999999963,BAJO POTENCIAL
1040,0.1484826307085617,0.8698333413215071,0.0001072236354636,4.941020169806337,387.8051571150064,0.4576361732015387,-6.4,712.933,142.09,-5.908099999999996,0.49190000000000467,POTENCIAL MEDIO
1884,0.2750197596567533,0.928480184025372,3.491713700722165e-05,7.00959436090081,632.8930098341659,0.1468810066496697,-6.1,1151.546,223.33,-5.915494972130006,0.184505027869994,POTENCIAL MEDIO
8126,0.1888317030280775,0.8729234361564183,3.608907696999535e-05,6.186870984354102,521.4002563663222,0.1964628851096475,-5.983385086,980.284,244.25,-6.185576001090004,0.20219091509000364,BAJO POTENCIAL
8133,0.2129371752761489,0.8833782234749364,2.9268483778069134e-05,6.642541809666541,554.2840166713863,0.1435478296977078,-5.965680948,1034.376,244.25,-5.802966482149999,0.1627144658500015,POTENCIAL MEDIO
1866,0.232187584512967,0.9158703045351536,7.631615180018156e-05,5.593046325596052,469.0621094582908,0.3136258016463323,-6.0,869.118,182.71,-6.362687703060001,0.36268770306000064,BAJO POTENCIAL
1879,0.1770767604294093,0.8850609064079885,4.7698264376743015e-05,6.044513114390185,541.8026765314963,0.329781142403363,-6.1,996.305,203.02,-5.976994510250008,0.1230054897499917,POTENCIAL MEDIO
8145,0.1840154348369581,0.8807462577835331,3.736936781324974e-05,6.237981351923994,563.4588997861185,0.231768010580398,-6.569578491,1048.403,244.25,-6.299493738650005,0.2700847523499945,BAJO POTENCIAL
2427,0.1823743145655902,0.8724596162044352,2.9291610849624844e-05,6.615309146621706,592.248252754488,0.2091570453553926,-6.34,1089.434,238.26,-6.002583343919997,0.33741665608000293,BAJO POTENCIAL
8168,0.1024277476712035,0.8071643032398221,3.725698695483162e-05,6.059464690243445,534.3909116349193,0.4149898035317864,-5.977700281,996.327,244.25,-5.916419938670006,0.06128034232999369,POTENCIAL MEDIO
40,0.0896464944204055,0.8010740013236328,8.32042712070138e-05,4.826699357939185,402.908695631056,0.4453762801235214,-6.34,756.942,196.97,-6.1988999999999965,0.14110000000000333,BAJO POTENCIAL
2351,0.1759622541289777,0.8879156383206306,8.681474583372273e-05,5.686056644109502,434.4633372238853,0.4833246060906517,-5.96,793.063,186.04,-6.182199999999999,0.22219999999999906,BAJO POTENCIAL
2352,0.1804638004016687,0.890260686234087,3.734135107313554e-05,6.467714185664768,669.546073414876,0.3465548075941332,-6.34,1218.634,299.03,-6.183899999999999,0.15610000000000124,BAJO POTENCIAL
2358,0.2381072393279944,0.9097696856556108,2.532643101152158e-05,7.371329432552568,673.840052519285,0.1536300998188153,-6.13,1216.662,278.8,-5.6129013803799985,0.5170986196200014,POTENCIAL MEDIO
41,0.2857301757717182,0.9348411017149534,9.759770230004612e-05,5.46061575650427,421.88695121214647,0.1872994251087315,-6.56,770.029,185.69,-6.406799999999995,0.15320000000000444,BAJO POTENCIAL
2344,0.12514840611659,0.8312559847742934,8.749313649063768e-05,4.842332303983896,359.5209334990245,0.3148916042867287,-6.09,670.852,186.04,-6.141302846669996,0.05130284666999607,BAJO POTENCIAL
2345,0.1531915161498771,0.8609094696777749,8.469949793754223e-05,5.069543397287558,368.6958166137568,0.3252095445976887,-6.04,684.879,186.04,-6.327799999999999,0.28779999999999895,BAJO POTENCIAL
2333,0.2651556738165462,0.9284628059220252,8.128943181659358e-05,5.694940901058438,462.44373113115313,0.2299027446652345,-6.5,835.144,159.67,-6.3439999999999985,0.15600000000000147,BAJO POTENCIAL
2332,0.1842193988718411,0.8821279068617052,5.818871104200167e-05,5.698237011405906,453.2688480164208,0.2515291265564959,-6.22,821.117,159.67,-5.668799999999997,0.5512000000000024,POTENCIAL MEDIO
8343,0.1363458807295873,0.8224243505907021,3.278836503209714e-05,6.08399374093688,534.3909116349193,0.3198692207256356,-6.131652551,996.327,244.25,-6.102245971710002,0.029406579289998014,BAJO POTENCIAL
8345,0.2260118153370229,0.9092200923110754,4.819005370228049e-05,6.146596461319322,534.3909116349193,0.1973407656716057,-6.342776851,996.327,244.25,-5.934942635890004,0.40783421510999585,POTENCIAL MEDIO
8156,0.2489067454582366,0.9178986975798972,4.335352449433531e-05,6.52642014272666,534.3909116349193,0.1618104782020387,-6.178525929,996.327,244.25,-5.937653913179993,0.24087201582000706,POTENCIAL MEDIO
2319,0.1243378424132736,0.845910943868967,7.499036317116529e-05,5.245308652078809,439.2130608913653,0.3950337073290638,-6.02,791.091,139.44,-6.128899999999998,0.10889999999999844,BAJO POTENCIAL
2373,0.155713542794916,0.8690612822307557,6.879503429868728e-05,5.427095903446764,427.3678909140178,0.4066346698952094,-6.34,804.002,188.77,-6.2639999999999985,0.0760000000000014,BAJO POTENCIAL
2368,0.1459979560760362,0.8534022409753053,5.739996277441135e-05,5.405503434161855,463.1639631104298,0.3504613390227863,-6.54,864.101,168.54,-6.129200000000003,0.4107999999999974,BAJO POTENCIAL
2372,0.0948473375904183,0.7816836503610497,5.76084131274185e-05,5.177779827759662,427.3678909140177,0.391149833759638,-6.58,804.002,188.77,-5.393200000000006,1.1867999999999936,POTENCIAL MEDIO
2370,0.1741180772392222,0.8539527254292841,4.768631044265007e-05,5.560391869144468,440.5202177765562,0.2073474404844051,-6.23,838.019,188.77,-6.024200000000007,0.20579999999999377,BAJO POTENCIAL
8399,0.1409626396971998,0.8370800515414321,2.743744457333141e-05,6.628311784232818,585.8462850658171,0.2899128322261822,-6.316961588,1077.427,248.66,-6.250403237950011,0.06655835004998867,BAJO POTENCIAL
1893,0.1204994397311496,0.846061658830075,9.308181804569912e-05,5.296927419748687,351.76401974766287,0.4717307834550724,-6.24,681.791,221.29,-6.476899999999997,0.23689999999999678,BAJO POTENCIAL
950,0.1046726267411011,0.824590438411305,0.0001123004105705,4.526672383162597,376.6088046881488,0.4738261419624812,-5.99,681.912,139.83,-5.3036,0.6863999999999999,POTENCIAL MEDIO
8460,0.2124486309436979,0.8988584167681493,8.980803427506926e-05,5.252599211004652,353.1064474212832,0.2107107536850501,-6.408935393,662.832,174.6,-6.419802846670001,0.010867453670000415,BAJO POTENCIAL
7387,0.1137628362862113,0.8083000102988521,0.0001053865422254,4.507650514370026,300.642704859098,0.3734534125127215,-6.25,591.738,148.07,-6.030400000000003,0.21959999999999713,BAJO POTENCIAL
922,0.385183836897898,0.96053912385436,2.358760513525937e-05,8.91049350302226,885.1761757771529,0.1602664094234796,-6.24,1630.139,348.52,-6.121200000000004,0.1187999999999958,BAJO POTENCIAL
7805,0.1798099202084568,0.8883483753429575,3.0008739142362623e-05,7.122534199822278,658.8379154679834,0.3540218694596294,-6.21,1190.624,287.59,-6.197,0.0129999999999999,BAJO POTENCIAL
7450,0.2086839078076537,0.9065437240675696,6.321594456645773e-05,6.065922142662641,488.244423884,0.3666719092009063,-6.59,950.18,286.59,-6.078831577000003,0.5111684229999964,BAJO POTENCIAL
2511,0.1346207255402707,0.8580978524525278,0.000473170177622,3.489847432200947,194.328695283856,0.4562709618981846,-6.3,356.467,119.56,-7.558199999999992,1.2581999999999924,BAJO POTENCIAL
5694,0.2653081063154996,0.9282510626704992,5.445493358705068e-05,6.355025060854617,534.6821938225747,0.223348271271049,-6.1,988.282,261.83,-6.192480702520008,0.0924807025200085,BAJO POTENCIAL
8356,0.1923158046977264,0.8510470933057573,1.442489717485564e-05,7.321381031595631,752.5432931120217,0.1494296173101533,-6.431798276,1444.19,279.32,-6.354906004399997,0.07689227160000289,BAJO POTENCIAL
1834,0.2515578163380334,0.924389300188918,0.0001103513658438,5.354288194337289,430.9546861206375,0.3958273410142617,-6.1,806.087,169.05,-5.865800000000005,0.23419999999999508,POTENCIAL MEDIO
2286,0.1663674284621474,0.8799425118173432,5.685064793370477e-05,5.98913073910893,475.0380121677621,0.3182997339281786,-6.09,870.142,180.96,-6.174899999999999,0.08489999999999931,BAJO POTENCIAL
2689,0.120353577784388,0.8316300539529571,5.329420997953017e-05,5.634973695044471,444.4046139608553,0.3603587485827856,-6.17,847.029,139.44,-6.384999999999998,0.21499999999999808,BAJO POTENCIAL
5640,0.1728403294315192,0.872982655781478,0.0001843409394166,4.200210626632739,249.82611480944067,0.2962480075897064,-6.52,458.603,116.4,-6.510299999999993,0.009700000000006703,BAJO POTENCIAL
942,0.1257020635283023,0.8092272422812964,0.0001160893405051,4.209574102306164,308.8679948716523,0.3271424072930536,-6.29,577.723,145.43,-6.217700000000001,0.07229999999999936,BAJO POTENCIAL
8018,0.227276752838073,0.9145001029854172,3.279654286051206e-05,7.074720922873755,697.0112104050146,0.2542971584654543,-6.39,1303.095,277.47,-6.1044618463399924,0.28553815366000723,BAJO POTENCIAL
5649,0.1906003047459022,0.8902295173635469,6.89252283203555e-05,5.508522237775319,432.1445956264044,0.2825414394211021,-6.0,802.096,186.12,-6.145587703060001,0.14558770306000124,BAJO POTENCIAL
2395,0.1223875139205158,0.8250845659124919,0.0001265383469661,4.3770174277517935,309.414355020108,0.3480434015498151,-6.0,551.773,136.71,-6.113699999999999,0.1136999999999988,BAJO POTENCIAL
8154,0.1737324098753477,0.887008791372366,5.488039666047444e-05,5.975728681413106,534.3909116349193,0.4195585602257504,-6.502549877,996.327,244.25,-5.983213480410002,0.5193363965899982,POTENCIAL MEDIO
7960,0.1866803354603322,0.8750452603435916,1.650705383794306e-05,7.747217392453191,768.5884336758236,0.2071042091689454,-6.24,1413.855,306.13,-6.309988062280004,0.06998806228000376,BAJO POTENCIAL
1528,0.1071867051354444,0.8089954306836123,4.538404006286331e-05,5.654150691286446,489.7359299885101,0.3772212954827912,-6.29,917.165,166.49,-6.095000000000003,0.19499999999999673,BAJO POTENCIAL
7466,0.167766269329276,0.876708862388289,9.154701333841097e-05,4.963295848206839,383.8876669815413,0.2882652950699023,-6.4,725.957,169.05,-5.517100948889999,0.8828990511100017,POTENCIAL MEDIO
7428,0.2076284074335455,0.8851951739612461,5.978094482724559e-05,5.609009925159504,406.5967253916383,0.1641424473067501,-6.39,743.991,186.12,-6.293899999999995,0.0961000000000043,BAJO POTENCIAL
8443,0.1328795034250257,0.8576943439460605,0.0002463211504187,4.019595447903167,253.79293683406988,0.5144002908455706,-6.3,467.614,95.47,-5.981200000000004,0.318799999999996,POTENCIAL MEDIO
7279,0.1851152793519083,0.8807669291251599,4.9006066634450126e-05,5.844415710052454,479.7789363851805,0.2591374158007893,-6.53,904.189,217.95,-6.295438164059989,0.23456183594001168,BAJO POTENCIAL
1887,0.2830331430968003,0.9324996712544736,0.0001187213069994,5.200202596520422,343.39954933194065,0.1393959117211333,-6.24,652.793,186.99,-6.648500000000005,0.4085000000000045,BAJO POTENCIAL
8033,0.1153898525681294,0.8119635129648982,1.8571117072442475e-05,7.146691359843818,736.1958048334805,0.367425005477993,-5.96,1351.787,287.67,-6.122249019600002,0.1622490196000017,BAJO POTENCIAL
1627,0.199128970161179,0.8849147711613544,7.249380818732788e-05,5.449288353724566,374.4297269085805,0.1720856649412171,-6.45,678.916,157.46,-6.393100000000001,0.05689999999999884,BAJO POTENCIAL
1123,0.166287567994212,0.8768570379072617,0.0001436670184785,4.519506540353985,297.7840860558509,0.2798548585505031,-5.96,567.691,158.56,-6.2848000000000015,0.32480000000000153,BAJO POTENCIAL
8048,0.1354440835199991,0.8281663867290201,1.6967224774504635e-05,7.160139438016077,777.1733618185268,0.3263488368764125,-6.59,1448.3,319.34,-6.4132,0.17680000000000007,BAJO POTENCIAL
868,0.2739362255930063,0.9264679740057356,1.72026916606252e-05,8.543375724077471,807.8602622782975,0.124305176980893,-6.47,1500.936,372.16,-5.1951,1.2748999999999997,POTENCIAL MEDIO
2459,0.1967007249322545,0.8829825124402153,7.394861780498448e-05,5.236685121054062,385.146238756714,0.1790863767047416,-6.4,713.917,183.24,-6.2715,0.12850000000000072,BAJO POTENCIAL
7858,0.1751105135533358,0.8515897685863079,1.752353017071787e-05,7.317189617443383,709.2610293035023,0.2209110925074721,-6.0,1287.741,316.69,-6.122017982760001,0.12201798276000098,BAJO POTENCIAL
7203,0.2068585131938586,0.905201015211996,5.077460733792821e-05,6.070869315559086,593.2604309723749,0.3440769984047698,-6.5,1107.402,319.18,-7.012880006189999,0.5128800061899987,BAJO POTENCIAL
5601,0.3370971840205025,0.9502184217667922,0.0003383118855294,4.342987005235456,231.6282634343332,0.1717179212900602,-6.33,430.549,107.61,-6.606100000000001,0.27610000000000134,BAJO POTENCIAL
936,0.1849295656925068,0.8783894178796727,2.709896819422653e-05,6.756993530405571,655.3383714354634,0.213073698390895,-6.39,1188.608,287.59,-5.986244448800001,0.40375555119999884,POTENCIAL MEDIO
2238,0.1290488395911471,0.8345302312215255,1.8383117636533e-05,7.056455563944227,814.5721269261372,0.3279405051672047,-5.96,1502.034,320.87,-5.990699999999997,0.03069999999999684,POTENCIAL MEDIO
7799,0.2219820888035039,0.909026061765734,3.159837322184825e-05,7.023602981165023,668.0127985827155,0.2531925209287669,-6.17,1204.651,287.59,-5.901800000000003,0.26819999999999666,POTENCIAL MEDIO
4427,0.0787943422734059,0.7901280538363143,7.660030695187562e-05,4.967246505753579,442.3703352005771,0.6074395133363664,-6.21,808.078,159.75,-6.263,0.052999999999999936,BAJO POTENCIAL
834,0.1969649399258815,0.8936684955034118,2.627875479987829e-05,7.11802252601281,692.2681995187681,0.2743528619359718,-6.07,1269.684,238.26,-5.866136713070002,0.2038632869299981,POTENCIAL MEDIO
1973,0.2250189355397985,0.910046192365502,2.7480438059345066e-05,7.260396391922287,685.6310479996644,0.2519917855288389,-5.96,1290.622,287.59,-5.79171188666,0.16828811334000005,POTENCIAL MEDIO
588,0.2563263467209941,0.9236276854477796,1.8206632585294813e-05,8.335233077873136,864.9907078451571,0.1897649268662429,-5.96,1599.085,349.11,-5.998999999999998,0.038999999999997925,POTENCIAL MEDIO
7841,0.2864128117993997,0.9357526557177476,4.346521833911633e-05,6.845907454566624,621.7288000889444,0.2206581745942754,-6.44,1145.498,258.49,-6.325089353930008,0.11491064606999224,BAJO POTENCIAL
7026,0.1476640090923412,0.8579524754159967,4.2713527001476e-05,5.887623184058974,553.3357897607533,0.325493494793676,-6.09,1016.336,244.25,-5.932111161999997,0.15788883800000253,POTENCIAL MEDIO
2437,0.2257008419791246,0.9138961695372534,3.563289011520346e-05,7.089481574210815,635.2752093811466,0.334326500886463,-6.26,1197.486,265.95,-6.033299999999996,0.22670000000000368,BAJO POTENCIAL
7885,0.2272848389629606,0.910915531621188,2.907024677773722e-05,6.9599818190304825,725.3966261634579,0.2362266399167295,-6.38,1327.762,308.34,-6.262727768509999,0.11727223149000121,BAJO POTENCIAL
8015,0.1667315608134446,0.869552778535194,1.8468696749324977e-05,7.462054908751364,768.4735178817463,0.2868276186738942,-6.26,1452.247,306.13,-6.052196329839998,0.20780367016000145,BAJO POTENCIAL
1424,0.2175406476138948,0.8961024089789617,5.351084575754994e-05,6.043930334260836,410.3311272497463,0.1641948675283206,-6.23,778.952,175.72,-6.299348621609999,0.06934862160999877,BAJO POTENCIAL
8013,0.1235397165769785,0.8475432039225425,3.2902426382830537e-05,6.425841265145149,672.505448341346,0.4418281833928702,-6.19,1259.045,258.57,-6.204149726340007,0.014149726340006552,BAJO POTENCIAL
7291,0.1987595376990243,0.8894354691138947,4.965585416660237e-05,5.99458169676849,469.5039115054583,0.2170672515886069,-6.5,872.122,226.74,-6.657,0.15700000000000003,BAJO POTENCIAL
1935,0.1710723984823132,0.8537769655689491,1.4010770429505733e-05,7.865461405543766,795.3529778674878,0.2497539370570476,-6.54,1444.957,303.9,-6.308337081880004,0.23166291811999606,BAJO POTENCIAL
899,0.5805430577279574,0.9858976418067086,3.41022054163463e-05,10.069004249156226,895.9903941706992,0.1384880411396384,-6.33,1625.205,386.41,-5.7862000000000045,0.5437999999999956,POTENCIAL MEDIO
3176,0.2239615690104067,0.9127128993086772,0.0001090107860027,5.214309655607544,376.967239465972,0.3039135306092965,-6.01,702.897,165.81,-6.1656999999999975,0.15569999999999773,BAJO POTENCIAL
7927,0.1697933132609508,0.8809332095781023,2.2247550539862856e-05,7.3823470850157085,772.5788019358065,0.3226383534741142,-6.57,1429.857,307.9,-6.283465443280004,0.28653455671999595,BAJO POTENCIAL
870,0.1542676792016701,0.87457406813845,3.807636036222223e-05,6.394639256337817,679.7690212676812,0.4636711186497423,-6.22,1271.616,287.17,-6.083136531910007,0.1368634680899925,BAJO POTENCIAL
918,0.2658957877499392,0.9274582592261184,1.6092907056080803e-05,8.812406673401775,903.6189895701244,0.2060091754177015,-6.24,1669.173,397.85,-5.622700000000002,0.6172999999999984,POTENCIAL MEDIO
8062,0.1552744680341057,0.8395340895402189,1.6267997255336916e-05,7.383613580809212,730.8736929328929,0.2306818106501858,-6.17,1378.168,278.88,-6.122455295359998,0.04754470464000171,BAJO POTENCIAL
8093,0.2448487084347439,0.9195669401896353,2.57316143568316e-05,7.744133136655281,671.6122599348886,0.263471930759603,-6.408935393,1298.988,258.57,-5.935145875399994,0.4737895176000064,POTENCIAL MEDIO
2259,0.267748858129001,0.9239747910354724,2.0478321990791505e-05,7.975446397126546,777.2868199136129,0.1302394962499059,-5.96,1420.891,300.58,-5.870199999999998,0.0898000000000021,POTENCIAL MEDIO
7439,0.1490477395983439,0.8484898772797069,7.954945930427915e-05,4.96171525808102,377.5287372404388,0.2699650154410991,-6.56,691.915,186.12,-6.462401897779995,0.09759810222000453,BAJO POTENCIAL
2235,0.189163954554844,0.8857580407145029,1.876342096978788e-05,7.493390686281338,805.980355981564,0.2400991206014073,-5.96,1496.936,329.16,-6.049799999999998,0.08979999999999766,BAJO POTENCIAL
1228,0.1576969128896885,0.8657017857279878,7.976261990271094e-05,5.164089032720413,402.3518568384949,0.2995273134676304,-6.2,717.009,139.44,-5.786500000000001,0.4134999999999991,POTENCIAL MEDIO
1838,0.0933788722545396,0.8106289087775418,7.427061165208779e-05,5.125809299534616,421.4185010011866,0.5236792212541374,-6.1,791.991,209.51,-5.677400000000005,0.42259999999999476,POTENCIAL MEDIO
7992,0.2111682164692069,0.8968533309471943,1.760719261346813e-05,7.852366859524057,795.5231280479915,0.1720116892543776,-6.37,1476.354,319.34,-6.1795000000000035,0.19049999999999656,BAJO POTENCIAL
7874,0.1663882620582968,0.8673418399748021,2.2009501855519173e-05,6.93605840326912,735.7856185998737,0.2691713633181261,-6.41,1377.737,308.34,-5.710099999999999,0.6999000000000013,POTENCIAL MEDIO
7518,0.2449916202927534,0.9191009335832788,3.135856552390485e-05,7.106252601724983,668.0905760392377,0.1929602055187431,-6.37,1244.587,296.82,-6.037885259290001,0.3321147407099989,BAJO POTENCIAL
7254,0.1567595597496145,0.8758390266320637,8.087811778626259e-05,5.3527769882353455,446.60544701413625,0.4350838164954663,-6.08,817.086,197.64,-6.112200000000002,0.03220000000000223,BAJO POTENCIAL
1303,0.1553400018981756,0.8713191885090762,7.638608676918888e-05,5.432906541394174,405.37142898622153,0.3762883880224032,-6.21,755.958,161.14,-5.9993,0.2107000000000001,POTENCIAL MEDIO
1359,0.171186685014824,0.8686743070751202,5.153505097641677e-05,5.796714119244734,433.9878165580032,0.2556120348564172,-6.12,828.455,152.33,-6.230000000000002,0.1100000000000021,BAJO POTENCIAL
7933,0.0904967523133583,0.7977207139837766,2.2083230320671903e-05,6.87576119823694,727.6477945932465,0.4391265062937465,-6.14,1354.187,307.9,-6.4751,0.3351000000000006,BAJO POTENCIAL
7941,0.193401732181376,0.8893776305752286,1.6237743089150302e-05,8.04870853558477,825.0167979196818,0.2497751440406749,-6.13,1535.969,317.57,-6.117417982759998,0.01258201724000152,BAJO POTENCIAL
7331,0.1924840853436616,0.8925073079216524,4.0016528563922216e-05,6.409824661428914,564.7236034102913,0.2661247512684062,-6.46,1047.353,238.26,-6.29994559351,0.16005440648999958,BAJO POTENCIAL
7815,0.1309423246205924,0.8376703532828982,2.847244422475964e-05,6.416235628821364,630.4200777173295,0.3849207091557187,-6.38,1188.486,287.59,-6.256186141389996,0.12381385861000371,BAJO POTENCIAL
2275,0.1594565315753497,0.8651224391790506,1.9774736810224145e-05,7.139723845264814,785.9642851340043,0.3170017059494535,-6.0,1481.852,308.34,-5.864299999999997,0.1357000000000026,POTENCIAL MEDIO
581,0.2251444415119072,0.910942012892359,1.9985532922813188e-05,7.869056097769824,843.1060443011493,0.2496394627049238,-6.36,1547.053,336.66,-6.357900000000005,0.0020999999999951058,BAJO POTENCIAL
2452,0.1298014400759365,0.8290830475652724,2.453807176853055e-05,6.777809088357422,629.9999925576985,0.3146142026842728,-6.48,1163.513,256.72,-6.130597651400004,0.3494023485999964,BAJO POTENCIAL
7427,0.285641524011206,0.9333158478704504,8.19813787314443e-05,5.758924138432137,412.3568974811834,0.1396520231925264,-6.29,773.976,186.12,-6.452675406119999,0.1626754061199991,BAJO POTENCIAL
7498,0.1679352231401478,0.8618569445225395,2.152301112818769e-05,6.991308075514139,695.3542081244995,0.2360366170988354,-6.59,1297.651,299.11,-6.251441003479997,0.33855899652000243,BAJO POTENCIAL
4809,0.2169301799673385,0.9052597226606884,5.929523966048738e-05,5.929370108480118,459.5001058109219,0.2325111990609439,-6.04,862.085,159.75,-6.022099999999998,0.017900000000001803,BAJO POTENCIAL
5638,0.1763936819910777,0.884676690482178,0.000205753539887,4.288972124986389,249.97802966379763,0.3147083281724883,-6.01,458.603,107.61,-6.176299999999994,0.16629999999999434,BAJO POTENCIAL
8135,0.1423645488838949,0.8491586521258243,3.3696835106864524e-05,6.353171338758531,563.4588997861185,0.3187163379124018,-6.258509493,1048.403,244.25,-6.385105638290009,0.12659614529000862,BAJO POTENCIAL
7385,0.2228313042048232,0.9079500647518016,0.0001239554266285,4.912513823086791,301.85975156991344,0.2293423174829703,-6.07,605.721,159.51,-6.0306,0.039400000000000546,BAJO POTENCIAL
1890,0.2505517586623801,0.9239234546929826,0.0001247743132504,5.138241439262102,361.9012304157622,0.2146044346449132,-6.18,680.847,178.2,-6.174999999999998,0.00500000000000167,BAJO POTENCIAL
2195,0.1757636574499399,0.8679595395772769,1.7539871136136398e-05,7.467588196969667,764.2944545714145,0.2239903980585067,-6.0,1415.827,326.36,-5.9572027766,0.04279722340000003,POTENCIAL MEDIO
1465,0.3194850964773127,0.9430658997832756,8.021493804010878e-05,5.950858637530459,420.9458741361341,0.1070656840359466,-6.59,785.0,185.78,-6.63668770306,0.04668770305999992,BAJO POTENCIAL
1560,0.0383899404986807,0.6852138795952941,8.157443326435834e-05,4.852540221955045,383.76628161725415,0.6816202281648811,-6.37,710.917,157.46,-6.417600000000002,0.04760000000000186,BAJO POTENCIAL
886,0.582300152121632,0.9858737546544796,5.679195357732188e-05,8.602601179207289,757.7409781514928,0.1725170876972422,-6.47,1403.819,325.48,-6.245500000000008,0.22449999999999193,BAJO POTENCIAL
1012,0.0713814582867231,0.7727048270404454,7.55522238199618e-05,5.035416956691525,415.0259767504893,0.4599488840805344,-6.36,755.014,159.67,-5.938199999999999,0.42180000000000106,POTENCIAL MEDIO
2175,0.2326342563543702,0.9153161133955676,2.4026405019141072e-05,7.618808116018506,782.6620720768788,0.2537309658236092,-6.0,1443.885,324.47,-6.060861846339999,0.060861846339999026,BAJO POTENCIAL
823,0.1922500349354545,0.8808611935107986,1.571820670696193e-05,8.065276791558164,777.3569016430386,0.1802023349496714,-6.0,1416.902,270.01,-6.100573796530001,0.10057379653000087,BAJO POTENCIAL
7248,0.1501807264438438,0.8573104200326439,6.81579247592611e-05,5.1282884909645405,446.7573618684933,0.3075393852056226,-5.98,817.086,188.85,-5.798900000000003,0.18109999999999715,POTENCIAL MEDIO
8106,0.1424558352479789,0.8392018839897942,1.6326444591111955e-05,7.5753890437244,722.3392034791216,0.2979229588146124,-6.004364805,1396.105,270.09,-6.010293515270002,0.005928710270001858,BAJO POTENCIAL
1885,0.228335783262997,0.9139460530875946,0.0001818399750835,4.851250681132423,306.3154607994708,0.397184575668541,-6.08,596.685,211.98,-7.9788999999999985,1.8988999999999985,BAJO POTENCIAL
7083,0.1834711243489679,0.8932564579804924,4.488202171675844e-05,6.428948650462642,605.9579707245634,0.4520034203770969,-6.15,1142.425,253.04,-6.138169029889992,0.01183097011000811,BAJO POTENCIAL
2212,0.1888374740746826,0.8711722802706539,1.5085002151992972e-05,7.755464206203892,803.7291758001752,0.1766024312657821,-6.0,1466.963,299.19,-6.159640646380001,0.15964064638000064,BAJO POTENCIAL
7862,0.1342426440151054,0.8141178276192924,1.7550401274615654e-05,7.053545282707709,703.8550232654953,0.2931734879954185,-6.51,1336.084,317.13,-6.424199999999997,0.08580000000000254,BAJO POTENCIAL
7312,0.1785758162106788,0.8798918014048736,3.858423937905064e-05,6.270039755460989,555.5487202955591,0.298777745747452,-6.36,1033.326,238.26,-5.921455726870002,0.438544273129998,POTENCIAL MEDIO
455,0.2844070246002803,0.9330816802747302,2.438436128392388e-05,7.905910572241013,734.5525170479873,0.1503267394027891,-6.14,1385.717,339.73,-6.016399999999993,0.12360000000000682,BAJO POTENCIAL
21,0.1220358094178865,0.8299482473320529,5.806985793037334e-05,5.344283431092268,459.86687628125327,0.3692844457703886,-6.41,840.12,204.14,-6.176900000000004,0.23309999999999587,BAJO POTENCIAL
2438,0.1972222482215656,0.8776665067244699,3.463585431463664e-05,6.30722817587736,537.0372824721532,0.167110820028361,-6.2,987.298,238.26,-6.2352300919500045,0.03523009195000437,BAJO POTENCIAL
7846,0.2341506861111979,0.9110348439479607,2.10874880468634e-05,7.728814541615883,762.8447666414154,0.1903617345286913,-6.03,1401.844,325.92,-6.059939087409989,0.029939087409989185,BAJO POTENCIAL
2044,0.1480143286827249,0.8611011145541485,2.027864603466875e-05,7.262383083300164,787.1710599887599,0.3419533949477621,-5.96,1459.883,299.55,-5.9102410034799995,0.04975899652000049,POTENCIAL MEDIO
2263,0.1648382166927199,0.8543151225049463,1.635702954485138e-05,7.29056697503224,796.575335392273,0.2623059895492868,-6.0,1494.325,337.8,-5.9551,0.04490000000000016,POTENCIAL MEDIO
910,0.3838072291341429,0.95973936595612,1.9834080201727207e-05,9.292506232916436,903.9452816663116,0.1063692452433193,-6.11,1665.185,386.41,-5.803100000000005,0.3068999999999953,POTENCIAL MEDIO
7552,0.1780465408093674,0.8479384939881495,1.6714551737924502e-05,7.393925984059022,680.3644694858285,0.1999338223282148,-6.59,1271.613,325.48,-6.55454100348,0.03545899652000006,BAJO POTENCIAL
7785,0.2012992262456714,0.9027147172719274,4.688720646652938e-05,6.371658607578262,586.1751258513,0.3630980577843862,-6.43,1103.373,276.51,-6.3912999999999975,0.03870000000000218,BAJO POTENCIAL
7998,0.2204492879935628,0.9065658041509272,2.32972210096344e-05,7.378076106193416,768.1231512374562,0.2362127649189984,-6.0,1413.855,328.13,-6.096195437050003,0.09619543705000311,BAJO POTENCIAL
2252,0.1531633882365113,0.8713610506281306,2.306366606012104e-05,7.294366571706236,764.8539540017814,0.3929895116325975,-6.0,1435.808,308.34,-5.917582721639999,0.08241727836000123,POTENCIAL MEDIO
2135,0.1093606622251868,0.8171700049889427,1.8840347648828734e-05,7.280088988185373,744.7678084640071,0.3511604200669442,-6.0,1390.22,299.11,-6.091,0.09100000000000019,BAJO POTENCIAL
1949,0.1293472037331446,0.8235579214648981,1.839665312478519e-05,7.037890142201445,743.5917080152013,0.3294465793303205,-6.49,1389.764,317.13,-6.2785000000000055,0.2114999999999947,BAJO POTENCIAL
2425,0.1730126061031643,0.8801523328044429,3.3338440683103715e-05,6.752643971041015,593.3843542361886,0.3082284455812319,-6.21,1085.443,247.49,-6.175959522319999,0.0340404776800014,BAJO POTENCIAL
1285,0.1993549845531597,0.8749964233914634,4.634030465026215e-05,5.857708362007439,447.48388043008407,0.1489208450663421,-6.23,824.077,168.98,-5.6773,0.5527000000000006,POTENCIAL MEDIO
7310,0.1573747098071067,0.8681298295118165,3.884606788817773e-05,6.139281344521705,573.7563284102508,0.3231920831399184,-6.31,1079.354,255.84,-6.009252166349995,0.30074783365000446,BAJO POTENCIAL
4549,0.1626279789053071,0.8428530741045754,4.952890948229076e-05,5.448174040209489,431.8235416123681,0.2450733177421896,-5.99,820.004,168.54,-5.879000000000004,0.11099999999999621,POTENCIAL MEDIO
7609,0.1622592470020309,0.8560255330050767,2.00680710125378e-05,7.122392463428875,708.3448633930961,0.2607478767839209,-6.31,1313.694,299.11,-6.2127410034799935,0.09725899652000614,BAJO POTENCIAL
853,0.2516214462312355,0.924571467553723,2.9705398763325102e-05,7.508125106526659,745.7250488488935,0.2699673695088181,-6.09,1372.805,305.17,-5.999599999999998,0.09040000000000159,POTENCIAL MEDIO
8411,0.1832385133456031,0.8691211107863148,3.476957200369069e-05,6.354150789437722,514.7196534948214,0.2106392300963138,-6.523653191,957.232,248.66,-6.43354021749,0.09011297351000014,BAJO POTENCIAL
1930,0.2295087718400996,0.910479073193321,2.537619586055101e-05,7.243031476761922,740.2229528142676,0.2200898249450338,-6.55,1360.795,306.11,-6.307956349640001,0.24204365035999853,BAJO POTENCIAL
3539,0.1537189933806249,0.8527702345587451,7.954374954510104e-05,4.944688932899117,377.271069174686,0.2571146008973987,-6.46,702.897,148.23,-6.139099999999994,0.3209000000000062,BAJO POTENCIAL
1931,0.2765762706717045,0.9326429910055068,2.82222080761877e-05,7.566740600944984,772.557317679257,0.2451198220327868,-6.44,1418.875,332.92,-6.270300000000003,0.16969999999999708,BAJO POTENCIAL
2424,0.2122049652231465,0.9060309390427284,4.2736872977533366e-05,6.526171826663511,577.7142586788885,0.3245012123197422,-6.11,1063.396,238.26,-5.940066952130008,0.16993304786999275,POTENCIAL MEDIO
7839,0.1960801775197909,0.8984739998496728,3.407613921055665e-05,6.743059018738074,681.1651254452539,0.3253874951105941,-6.43,1238.668,287.59,-5.676174746530002,0.7538252534699978,POTENCIAL MEDIO
7957,0.1767170712070177,0.8713148600014765,2.0489919627128043e-05,7.32450711949448,703.463959382773,0.2307089182498261,-6.12,1297.695,278.88,-6.05273989602,0.06726010397999982,BAJO POTENCIAL
2216,0.1646686786433928,0.8750118241711673,2.036873816160121e-05,7.399700140322299,795.2219439561836,0.3567945463115834,-6.0,1470.907,337.44,-5.9889,0.011099999999999888,POTENCIAL MEDIO
2417,0.2052140564411675,0.9046546918687992,0.0001299666077652,5.106432916468071,345.45538963438463,0.3345425279250824,-6.15,622.852,157.02,-6.214199999999993,0.06419999999999249,BAJO POTENCIAL
7879,0.2019477064076523,0.8997551296647879,2.782167446851936e-05,7.11163457283832,709.5746157518007,0.265331901329997,-6.47,1305.715,307.9,-6.231900000000009,0.23809999999999043,BAJO POTENCIAL
2271,0.2138906937767213,0.9072312527224968,2.296232296034696e-05,7.5957410703302815,810.320784999433,0.2819058691454538,-5.96,1485.962,317.57,-5.9512,0.008799999999999919,POTENCIAL MEDIO
8066,0.1253952730096937,0.8361359286488453,1.5613683246316313e-05,7.642768222148496,853.7857005859529,0.3495859187707327,-6.21,1572.049,383.07,-6.292449019600001,0.08244901960000117,BAJO POTENCIAL
7318,0.1718208288619798,0.8861140668898262,4.9604355984777085e-05,6.1845610172631575,564.4197737015772,0.4213092081815453,-6.18,1047.353,255.84,-6.161374995009997,0.018625004990002303,BAJO POTENCIAL
2162,0.2321830366719268,0.9125450978566076,1.9104141290145337e-05,8.149165805300068,773.8459006054986,0.1735588028358187,-5.96,1466.265,307.9,-5.751361846339998,0.2086381536600017,POTENCIAL MEDIO
7974,0.0988221225447003,0.790531423770604,1.4556665453262256e-05,7.585088977126465,804.0814101442851,0.3508019087626939,-6.54,1509.906,319.34,-6.5492490196,0.009249019600000352,BAJO POTENCIAL
6786,0.1614622799274474,0.8785955816938652,5.959545228784074e-05,5.629848531423884,534.6821938225747,0.3833214335955452,-6.57,988.282,261.83,-6.369587622050002,0.20041237794999844,BAJO POTENCIAL
7934,0.1587564784353533,0.8505747933059561,2.010423584943466e-05,7.060286259303517,714.7720551187265,0.2753896252369129,-6.2,1299.752,307.9,-6.089800000000001,0.11019999999999897,BAJO POTENCIAL
5015,0.1497141796518213,0.8372105482901803,4.370186268826004e-05,5.752585747021069,464.3937154691341,0.2862911730386665,-6.31,856.122,177.33,-6.148699999999995,0.16130000000000422,BAJO POTENCIAL
867,0.2560286716897531,0.9205029327421138,1.5525017155067973e-05,8.758406935198964,845.0155393002975,0.1578249630848562,-6.03,1557.044,345.79,-5.8501999999999885,0.17980000000001173,POTENCIAL MEDIO
1494,0.218069878373895,0.9047334674246152,8.341450032045236e-05,5.298229248622026,399.8584710593721,0.1868123088269017,-6.51,750.942,166.49,-6.198699999999997,0.3113000000000028,BAJO POTENCIAL
2049,0.2342935514236137,0.9160467040248598,2.393679231212296e-05,7.676016013034409,772.4851510588031,0.2825809140977345,-6.0,1433.845,308.34,-6.035634558619998,0.0356345586199982,BAJO POTENCIAL
1948,0.1627040010313183,0.8499491915806401,1.71715508037527e-05,7.291693077922408,743.5109816503748,0.2799205678682942,-6.36,1389.764,319.34,-6.172485094930008,0.18751490506999247,BAJO POTENCIAL
7485,0.1494220010864784,0.8704817153861748,7.744216624421412e-05,5.408138029865165,425.4125550328077,0.4021311556624525,-5.64,823.033,210.78,-5.649299999999994,0.009299999999994313,POTENCIAL MEDIO
7486,0.0900975341023285,0.796452934377596,5.913847119959219e-05,5.374158266929763,425.41255503280775,0.4202251291223618,-5.72,823.033,210.78,-5.692800000000005,0.02719999999999434,POTENCIAL MEDIO
7487,0.1589356725608844,0.8759297587845865,7.417253354432135e-05,5.431879158913064,425.41255503280775,0.3514314166460467,-5.82,823.033,210.78,-5.837300000000002,0.017300000000001425,POTENCIAL MEDIO
997,0.1948313549122207,0.8808164410880139,6.714988086679823e-05,5.225268741652741,411.97481234533694,0.1978680540731757,-5.82,778.033,161.12,-5.705500000000001,0.1144999999999996,POTENCIAL MEDIO
996,0.1917392301824014,0.8940565893777871,8.707097885877505e-05,5.148251857996642,411.9748123453371,0.3126127079977731,-5.68,778.033,161.12,-5.726400000000001,0.04640000000000111,POTENCIAL MEDIO
990,0.2227201822594466,0.9125272799845632,0.0001108060250517,5.103436346548367,384.45016300114025,0.328890802406912,-5.89,735.952,161.12,-5.867199999999992,0.02280000000000726,POTENCIAL MEDIO
5627,0.2466769528164066,0.922321934532007,0.0002850693391515,4.172049050494143,240.80314654906545,0.3185867364525868,-5.66,444.576,107.61,-5.752000000000005,0.09200000000000497,POTENCIAL MEDIO
5626,0.2355725750896613,0.9165244916078016,0.000273114421509,4.081520668283274,240.80314654906545,0.2648156665303535,-5.92,444.576,107.61,-5.9563,0.03629999999999978,POTENCIAL MEDIO
7188,0.207230538204268,0.8999985992574449,3.044905049837634e-05,6.912690391694118,664.6651694045528,0.2423485726527914,-5.71,1202.635,278.8,-5.84854862161,0.13854862161000003,POTENCIAL MEDIO
5611,0.1622792958612869,0.8791723709113132,0.0002930672982634,3.7897656002036086,240.80314654906545,0.3695745844642407,-5.8,444.576,107.61,-6.556799999999997,0.7567999999999975,BAJO POTENCIAL
5618,0.2519385963052511,0.9249022173801328,0.0003218529368492,4.101696613570626,240.80314654906545,0.3481562939952156,-5.84,444.576,107.61,-5.922299999999999,0.08229999999999915,POTENCIAL MEDIO
993,0.2395957468338347,0.9200407176456248,0.0001157953196632,5.076261309173986,402.64801437624783,0.3395510594400624,-5.66,764.006,169.91,-5.898500000000004,0.2385000000000037,POTENCIAL MEDIO
7242,0.1360683887479225,0.8442155242452537,5.4835996549285664e-05,5.478722116973348,469.084571845764,0.3826759644806741,-5.91,865.13,188.85,-6.014900000000004,0.10490000000000421,BAJO POTENCIAL
7251,0.117143761617485,0.8416599512476244,7.282626582869735e-05,5.181724701584731,483.3049794730655,0.4986853270839887,-5.69,873.194,197.64,-5.771800000000005,0.08180000000000476,POTENCIAL MEDIO
1320,0.1078375574769507,0.8286198307997217,7.072294532859449e-05,5.228743922703735,440.0379176330246,0.4712234721617211,-5.73,820.045,161.14,-5.623900000000005,0.1060999999999952,POTENCIAL MEDIO
7482,0.1884758876690306,0.8907106936412549,7.329576408550734e-05,5.35117989200167,425.41255503280775,0.2451097037494545,-5.62,823.033,210.78,-5.659500000000001,0.0395000000000012,POTENCIAL MEDIO
7263,0.1777085171050518,0.8757565668888302,4.72716436072314e-05,5.877062798367724,497.0285608496552,0.2663964630573032,-5.8,914.203,226.74,-5.779841164250001,0.02015883574999844,POTENCIAL MEDIO
7264,0.155824632417141,0.8735109621379911,4.752412816460741e-05,6.018154455319706,569.0459585544522,0.3956225872429448,-5.63,1034.398,226.74,-5.6775026739499985,0.04750267394999863,POTENCIAL MEDIO
7267,0.2211734763023128,0.9010257957325328,4.4277790260641976e-05,6.176348340079343,513.9966598660586,0.1721272949747154,-5.79,950.236,226.74,-5.65681737745,0.13318262254999969,POTENCIAL MEDIO
7401,0.2052708694064142,0.892598938029302,7.457702492779682e-05,5.347808077825621,401.23761443077086,0.2010452865188932,-5.84,731.98,186.12,-6.174399999999997,0.3343999999999969,BAJO POTENCIAL
7352,0.21854715411276,0.910247110426778,3.683866507625447e-05,6.6295331477218165,687.7353694646582,0.3101181464366719,-5.83,1271.657,296.46,-5.6842,0.14580000000000037,POTENCIAL MEDIO
8452,0.3453630378989423,0.9522748845556508,0.0003733114354321,4.216418694167273,242.58828057563707,0.2637913088048068,-5.71,454.571,103.68,-5.402099999999999,0.30790000000000095,POTENCIAL MEDIO
7335,0.1674538358479396,0.8573719784439308,2.280498387067923e-05,6.92297048554863,655.510107004247,0.2677480341357631,-5.67,1202.594,276.15,-5.699700000000002,0.029700000000001836,POTENCIAL MEDIO
7336,0.169966566146436,0.8724702729104054,3.027096087423095e-05,6.4673842039894,657.0436890716651,0.2869897495360518,-5.83,1194.615,267.36,-5.864300000000001,0.034300000000000885,POTENCIAL MEDIO
7337,0.1555711717651611,0.83987936450894,2.148627064666563e-05,6.807388249303959,670.1960159342037,0.265489089285684,-5.83,1228.632,267.36,-5.79981763165,0.03018236835000021,POTENCIAL MEDIO
7342,0.2270328980509968,0.9117354335381864,3.394937014514585e-05,6.860449554433035,651.9981645590963,0.2480341535347076,-5.65,1200.578,258.57,-6.0717804814899985,0.42178048148999814,BAJO POTENCIAL
8448,0.3006162052357689,0.9408157874905648,0.0003359810986972,4.250076020804885,233.4133974609048,0.3210708059291089,-5.88,440.544,103.68,-5.164800000000001,0.7151999999999985,POTENCIAL MEDIO
7314,0.0970313454096776,0.8199333235236308,4.7665523663506673e-05,5.808354654830618,564.5716885559344,0.5558704128421511,-5.72,1047.353,247.05,-5.7141389840800105,0.005861015919989221,POTENCIAL MEDIO
7298,0.1202436458093043,0.8348098024949265,3.4171744039862526e-05,6.242994376976867,599.737638947445,0.4173347982888592,-5.67,1111.44,255.84,-5.879904986050001,0.20990498605000063,POTENCIAL MEDIO
7288,0.1715331242546628,0.8636543182202707,4.4939971644071975e-05,5.747531166712553,500.84433300352,0.2615014427636934,-5.8,916.219,226.74,-5.725146235220003,0.07485376477999672,POTENCIAL MEDIO
1061,0.2194176177753779,0.89749811675335,6.920825922925684e-05,5.373017807556781,424.3527747195785,0.1711296437369906,-5.82,769.041,150.88,-5.6659999999999995,0.1540000000000008,POTENCIAL MEDIO
1065,0.1738675931121348,0.8590753619117372,6.501324599166303e-05,5.124605171598432,415.0259767504893,0.2172224558330191,-5.64,755.014,159.67,-5.605499999999994,0.03450000000000575,POTENCIAL MEDIO
1071,0.1583206218573195,0.8732119500686981,8.623281504197171e-05,5.181817069370397,399.5185309180538,0.3630399212819302,-5.78,735.971,181.6,-5.658899999999992,0.1211000000000082,POTENCIAL MEDIO
1059,0.1770553936908391,0.8842060018492081,8.481352859929823e-05,5.162467672231928,415.0259767504892,0.3113383246723784,-5.73,755.014,159.67,-5.254599999999998,0.47540000000000227,POTENCIAL MEDIO
1058,0.1448480082020606,0.8543616767792849,8.53029682492458e-05,4.887636971185184,392.8604383671597,0.3002462719471523,-5.95,724.944,159.67,-5.8508000000000004,0.09919999999999973,POTENCIAL MEDIO
1055,0.2287489363672108,0.914783459818754,0.0001049123379852,5.198044408708663,405.6991787814,0.3140660228308673,-5.88,740.987,168.46,-5.883199999999997,0.003199999999996983,POTENCIAL MEDIO
1054,0.1534956544575317,0.8691863043915834,8.415408576764698e-05,5.180954627790428,405.6991787814,0.3869796226522843,-5.82,740.987,168.46,-5.657899999999994,0.1621000000000059,POTENCIAL MEDIO
1052,0.1717523890887846,0.8790032042096988,9.088879460712084e-05,4.978616676341761,396.3723808123106,0.267643757425731,-5.89,726.96,177.25,-5.817299999999992,0.07270000000000731,POTENCIAL MEDIO
1045,0.1370081672512779,0.8555782439698476,9.156881653760748e-05,4.977497746903258,387.0455828432214,0.3651042177242133,-5.79,712.933,186.04,-5.982000000000004,0.19200000000000372,POTENCIAL MEDIO
1356,0.1566548031331699,0.8662276673714839,5.934168523877292e-05,5.661133108510718,432.9188646978264,0.4234934357506996,-5.68,814.469,159.75,-5.929099999999995,0.249099999999995,POTENCIAL MEDIO
7481,0.1176571204765615,0.835678557206779,6.395908614148449e-05,5.453376866835846,419.2152968856466,0.3912047158996464,-5.89,806.965,227.85,-6.027399999999993,0.1373999999999933,BAJO POTENCIAL
970,0.1762514041835226,0.8545084769072928,5.148816510561645e-05,5.484112669188199,443.45408635720304,0.2089019816411676,-5.7,793.104,179.9,-5.491599999999997,0.2084000000000028,POTENCIAL MEDIO
5642,0.0583106486755603,0.756133015417132,7.788774997190354e-05,5.089262422054,413.4909996882259,0.5477640938538032,-5.9,774.042,203.7,-6.9877,1.0877,BAJO POTENCIAL
5659,0.1153888522253061,0.8304302801384098,6.789591014575016e-05,5.366070861632169,400.6522592739857,0.4411853398952032,-5.8,757.999,194.91,-5.930900000000003,0.13090000000000312,POTENCIAL MEDIO
1850,0.166867367081596,0.8800664875031503,5.420006341678988e-05,6.004760604758459,478.6149941918492,0.3218982158989671,-5.74,904.125,169.91,-5.776900000000004,0.03690000000000371,POTENCIAL MEDIO
1849,0.1010454434329675,0.8103592502570547,4.145237031045129e-05,6.092599097270559,487.7898773065815,0.4394022597073054,-5.92,918.152,169.91,-5.96105400562,0.04105400562000039,POTENCIAL MEDIO
8143,0.1554248849029489,0.8571173598118128,3.861236354058942e-05,5.974157774353742,548.9249057105189,0.2318896307007982,-5.676306179,1022.365,244.25,-5.628006731319997,0.04829944768000338,POTENCIAL MEDIO
1883,0.2889478713525087,0.935426207396428,4.471343100046009e-05,6.718547799992777,596.1934773752369,0.1916302828434392,-5.85,1095.438,223.33,-5.799129924270004,0.05087007572999536,POTENCIAL MEDIO
8128,0.2085675870191304,0.8863600023521443,3.418878905634063e-05,6.443313592694884,530.5751394810543,0.1445458464456392,-5.793469425,994.311,244.25,-6.143934641269998,0.35046521626999816,BAJO POTENCIAL
8150,0.2128788025719275,0.8950333108114263,3.6472202958061245e-05,6.513819435292858,534.3909116349193,0.167120610953565,-5.834862161,996.327,244.25,-5.797982858839998,0.03687930216000179,POTENCIAL MEDIO
2353,0.1898605562711993,0.8712774658275733,2.43374407820811e-05,6.768846963377171,655.4902862898205,0.2134310976331516,-5.87,1188.608,278.8,-5.925376203630005,0.05537620363000517,POTENCIAL MEDIO
2355,0.2105361470806405,0.900478141552553,3.580164230894422e-05,6.467480769537064,635.7591600825527,0.2307659243079774,-5.75,1146.571,258.57,-5.918374795980001,0.16837479598000105,POTENCIAL MEDIO
2357,0.1624662660176909,0.851471694029089,2.163697449335429e-05,7.029311708431027,664.6651694045528,0.2393402807648181,-5.95,1202.635,278.8,-6.08796700236,0.13796700235999992,BAJO POTENCIAL
33,0.1349317619382648,0.8424172832733909,7.994949220940247e-05,4.922248370265484,392.3822314166156,0.361681696044674,-5.81,728.932,179.9,-5.7428085400099995,0.06719145999000009,POTENCIAL MEDIO
2350,0.1946812495764935,0.89081707155979,6.947914746313846e-05,5.501043988216645,425.288454109153,0.2222684611268569,-5.86,779.036,186.04,-6.187300000000006,0.3273000000000055,BAJO POTENCIAL
2343,0.109549583719876,0.8341584546731806,7.874234304699288e-05,5.279004803345193,429.58243321356207,0.4814420500443657,-5.64,777.064,165.81,-5.611499999999996,0.028500000000003745,POTENCIAL MEDIO
2347,0.2302377248938887,0.9160338701948004,0.0001119229927649,5.358121236213344,406.9386878796884,0.4060982672779583,-5.85,750.982,186.04,-5.895500000000007,0.045500000000007645,POTENCIAL MEDIO
2422,0.1894620363196607,0.8851412079599185,4.175031542830738e-05,6.065686835031861,547.5099386625275,0.2448043047311294,-5.63,1015.308,247.49,-5.894930375469999,0.26493037546999876,POTENCIAL MEDIO
2331,0.1991698345386233,0.9001211227997811,8.228762378257859e-05,5.39259516742963,444.0939649016885,0.336317301386775,-5.9,807.09,159.67,-5.792099999999993,0.10790000000000699,POTENCIAL MEDIO
2348,0.1841573556592024,0.877744630402129,6.595345394968876e-05,5.433748975885947,410.75446003355336,0.2059761131884846,-5.75,752.998,186.04,-6.195000000000002,0.44500000000000206,BAJO POTENCIAL
2330,0.2394177789363117,0.9157726377216114,8.059713884967925e-05,5.433358105223566,438.7348539408212,0.2248655568390036,-5.63,795.079,159.67,-5.7464999999999975,0.1164999999999976,POTENCIAL MEDIO
2349,0.1776595985600379,0.8671556766791573,5.95125193557959e-05,5.46374432763194,416.1135709944208,0.1981600482578468,-5.84,765.009,186.04,-5.808899999999997,0.031100000000003014,POTENCIAL MEDIO
6505,0.1981167488619199,0.8892327078768579,4.495259269629755e-05,5.881062028639933,544.008991791664,0.197142239808857,-5.93,1002.309,253.04,-6.009454003439996,0.07945400343999598,BAJO POTENCIAL
8341,0.1175103904104121,0.8384760545689249,5.147530628348865e-05,5.579979519284244,534.3909116349193,0.4490570592899615,-5.822198568,996.327,244.25,-5.7959291829599895,0.02626938504001064,POTENCIAL MEDIO
2371,0.1462283244972322,0.8422545628382992,5.68885419751992e-05,5.40491399948732,422.48698690369457,0.3188218174755333,-5.91,788.003,168.54,-5.737800000000009,0.17219999999999125,POTENCIAL MEDIO
2318,0.165480985764138,0.8737726243013599,7.38559049012138e-05,5.267191602833424,433.853949930498,0.3083227179347777,-5.79,779.08,139.44,-5.6906000000000025,0.09939999999999749,POTENCIAL MEDIO
2322,0.2006042922343726,0.8708961430391262,7.511804689650474e-05,4.988923343585212,359.9766780620955,0.1707969980639946,-5.66,670.852,159.67,-5.618900000000005,0.04109999999999481,POTENCIAL MEDIO
7833,0.1361052541047687,0.8576897007562392,4.187538334186703e-05,6.198352964155636,572.5451953517141,0.400614335915607,-5.82,1058.376,246.97,-6.072999978560005,0.25299997856000456,BAJO POTENCIAL
949,0.0653459468472965,0.7664067405187647,0.0001248955703921,4.286107196918458,358.25903845868413,0.6878230009496931,-5.66,653.858,139.83,-5.523800000000006,0.13619999999999433,POTENCIAL MEDIO
1898,0.1099930915093084,0.835876639595738,0.0001158186580656,4.859300386071551,337.88200655094107,0.4661615166133291,-5.63,662.745,253.38,-5.856999999999999,0.22699999999999942,POTENCIAL MEDIO
8461,0.3823195581572261,0.9600327694955052,0.0001096150996279,5.916414191518533,416.35822681943984,0.1948800560393357,-5.798602876,797.954,208.95,-6.2500064979199985,0.45140362191999817,BAJO POTENCIAL
7102,0.1469294358201315,0.8539484932954781,3.985885332121128e-05,6.025417303464955,540.1932196377991,0.3146226983234069,-5.72,1000.293,253.04,-5.784114228950008,0.06411422895000829,POTENCIAL MEDIO
2281,0.1065575061006384,0.8176008875790391,5.5523617524060455e-05,5.393115036941508,405.2580438958934,0.3658206420213896,-5.89,883.687,220.33,-5.833598988489995,0.05640101151000465,POTENCIAL MEDIO
7386,0.1580046798759539,0.8717503512827236,0.000119212622792,4.730248269772838,310.1311744221288,0.3403780355774665,-5.85,623.739,139.28,-5.5330000000000075,0.3169999999999922,POTENCIAL MEDIO
8103,0.1763624622756065,0.8628212200448013,1.834872161253253e-05,7.375226117229501,687.5279212235496,0.2158345445783843,-5.804100348,1317.047,258.57,-5.847972387640006,0.04387203964000541,POTENCIAL MEDIO
2285,0.1635230211368188,0.8651983069028554,5.1086537481850414e-05,5.715786880692747,475.0380121677621,0.273268509915091,-5.68,870.142,180.96,-5.947399999999998,0.2673999999999985,POTENCIAL MEDIO
941,0.2069948958144823,0.9051963496022396,0.0001868820427135,4.363759089674628,312.36753890417225,0.3629487374848144,-5.89,579.739,145.43,-5.947399999999992,0.057399999999992346,POTENCIAL MEDIO
1707,0.2376745392917525,0.917745488350582,9.618233715592051e-05,5.375594787665018,390.1775999224031,0.2690084262587692,-5.89,740.899,175.92,-5.947299999999992,0.05729999999999258,POTENCIAL MEDIO
8174,0.1878950489749404,0.8630269273453258,3.608645950258465e-05,5.881279481971002,534.3909116349193,0.1816065809607482,-5.745231617,996.327,244.25,-5.841725694719995,0.09649407771999474,POTENCIAL MEDIO
2419,0.3543861862686647,0.9536654745393364,0.0001242269400559,5.943751536829978,404.23683495374206,0.335440786831755,-5.89,752.955,216.94,-6.510938515299992,0.6209385152999927,BAJO POTENCIAL
7813,0.1941314854561184,0.8859970025211967,2.8762772387200392e-05,6.687546185754812,630.4200777173294,0.2109268149859717,-5.89,1188.486,287.59,-5.993673917359996,0.10367391735999654,POTENCIAL MEDIO
1886,0.2143472429788575,0.9088682593073972,0.0001166862468309,5.325753517152213,333.9920249980247,0.3070700972061148,-5.8,638.766,197.99,-6.4412877030599995,0.6412877030599997,BAJO POTENCIAL
8442,0.4251493409060293,0.9674696571805576,0.0004470759684511,4.31871927714763,244.61805371933764,0.260866768988285,-5.93,453.587,95.47,-4.944600000000004,0.9853999999999958,ALTO POTENCIAL (Candidato AstraZeneca)
3318,0.2294905656495229,0.9098636059196056,7.599214430052253e-05,5.52220771166477,403.879552608477,0.2087485335716576,-5.71,770.931,130.65,-5.7129999999999965,0.002999999999996561,POTENCIAL MEDIO
7389,0.2260629063182641,0.9099602103869228,8.737352162534415e-05,5.372743406643864,401.23761443077086,0.2281641291182424,-5.77,731.98,186.12,-6.044500000000003,0.2745000000000033,BAJO POTENCIAL
7443,0.1295401258058451,0.8548205956830378,6.458282963332097e-05,5.873217314636093,442.7027221340808,0.4403563588694962,-5.93,869.066,282.74,-6.246199999999995,0.31619999999999493,BAJO POTENCIAL
964,0.1541595636803664,0.8744211138503643,6.621242450556045e-05,5.582923681326442,506.1650098475703,0.4273178634425223,-5.89,943.193,239.08,-5.839159683989992,0.05084031601000749,POTENCIAL MEDIO
5657,0.2271445269011485,0.9149692231797352,0.0001044205309329,5.371453419625424,400.6522592739857,0.3072780910768659,-5.8,757.999,194.91,-5.856700000000001,0.05670000000000108,POTENCIAL MEDIO
8388,0.1680275824211033,0.8443831313886753,3.215125851205918e-05,6.210953008138881,514.7196534948214,0.2309018818157293,-5.820051034,957.232,248.66,-6.013815711460007,0.19376467746000703,BAJO POTENCIAL
8035,0.1177371855688706,0.8197044330033862,1.7347101053022096e-05,7.509384555368157,726.8962491850864,0.3122438486457394,-5.62,1358.178,278.88,-5.851521049640001,0.2315210496400013,POTENCIAL MEDIO
1832,0.0948654170488539,0.8181755726408428,8.559009619677915e-05,5.081368486296199,421.6278881515482,0.513384929967309,-5.8,792.06,177.84,-5.768100000000001,0.031899999999998485,POTENCIAL MEDIO
877,0.6612870984379267,0.9914790443325352,5.172763730130869e-05,10.015735834559674,780.6569282239261,0.146907752475049,-5.89,1461.299,328.21,-5.770299999999993,0.11970000000000702,POTENCIAL MEDIO
1252,0.2304044290677108,0.9161924882021572,8.302294151349474e-05,5.684220784972039,447.76118070613296,0.2812914195147463,-5.65,827.084,157.26,-5.802599999999992,0.15259999999999163,POTENCIAL MEDIO
592,0.2981327022378681,0.9386346817083254,1.7906764185166946e-05,8.920283790383245,866.1671511777744,0.1750467079398285,-5.77,1613.072,382.29,-5.510400000000003,0.2595999999999963,POTENCIAL MEDIO
5641,0.2237922780064567,0.9103612925176802,0.0002271216997788,4.283840496563888,249.97802966379763,0.238857374685791,-5.75,458.603,107.61,-5.8322999999999965,0.08229999999999649,POTENCIAL MEDIO
2443,0.1587106584829962,0.8579799519531639,3.072031836706391e-05,6.45884575674698,593.3843542361888,0.2607144035857914,-5.78,1085.443,247.49,-5.8510088476399895,0.07100884763998927,POTENCIAL MEDIO
783,0.2683328178938036,0.9267087013771288,5.116131801906222e-05,6.339366928400379,521.8731665916523,0.1818148847292718,-5.7,965.248,267.28,-6.067064735740006,0.36706473574000587,BAJO POTENCIAL
8064,0.1427764194825638,0.858863635374387,2.3970242427286e-05,7.0154545380928734,738.9618851392889,0.3994762250982192,-5.82,1350.796,297.26,-6.076501511110004,0.2565015111100033,BAJO POTENCIAL
7055,0.193527710004439,0.886317851547466,3.892786080413768e-05,6.242703824861205,553.3357897607533,0.2348426228783529,-5.91,1016.336,244.25,-5.936190648529999,0.026190648529999194,POTENCIAL MEDIO
2906,0.2377270606729166,0.9143577352691802,9.92267515139886e-05,5.152627329906951,376.967239465972,0.1975297700884913,-5.94,702.897,165.81,-6.106000000000002,0.16600000000000126,BAJO POTENCIAL
1995,0.1861831770739674,0.8880393076977078,2.0494183580667924e-05,7.44800904447054,797.8644258523632,0.2883914758760954,-5.8,1475.37,301.0,-5.920599999999999,0.1205999999999996,POTENCIAL MEDIO
7935,0.2550009771716655,0.9246969825308462,2.9583672898036754e-05,7.305592634175985,743.3489118072048,0.2423645237645987,-5.82,1359.804,326.36,-5.954578174820001,0.13457817482000056,POTENCIAL MEDIO
7246,0.1217606644185771,0.8406785807828867,7.253321101216833e-05,5.051873208337486,461.139441089736,0.4113141580825413,-5.67,843.124,197.64,-5.7261,0.05609999999999982,POTENCIAL MEDIO
461,0.6402631168631321,0.9901153327876172,5.97496127864105e-05,9.008197461183928,784.4043763694547,0.1616955923257514,-5.64,1475.842,339.73,-5.553599999999992,0.08640000000000736,POTENCIAL MEDIO
7940,0.1651876050007419,0.8747444371419896,2.234464159798288e-05,7.294675813182353,732.6286915413701,0.3052416042904204,-5.89,1366.745,288.03,-5.873139087409994,0.01686091259000566,POTENCIAL MEDIO
8109,0.1751044537620815,0.8712111489492406,1.8370887848350576e-05,7.38181828387883,742.6709147482563,0.2714827990977869,-5.638272164,1437.705,270.09,-5.794698520640001,0.15642635664000082,POTENCIAL MEDIO
2276,0.1707307967911958,0.8654939006964018,1.7958659393816794e-05,7.371791639918305,749.2647526750754,0.2331925645351474,-5.7,1425.744,308.34,-5.71194745024,0.011947450240000101,POTENCIAL MEDIO
7198,0.2052695726449774,0.8972804584887913,3.29043633310151e-05,6.778554093422173,607.6730129638889,0.2415620097734763,-5.9,1115.472,238.26,-5.904645021479994,0.004645021479993794,POTENCIAL MEDIO
569,0.6367738962221553,0.9899782586666694,4.359550946126261e-05,10.08850142448872,839.1498453491344,0.1326715935162687,-5.92,1560.004,357.31,-5.917199999999999,0.00280000000000058,POTENCIAL MEDIO
7890,0.2705878554739684,0.9301380140103598,3.985534101686256e-05,6.690663002723237,673.6854959918815,0.2277806056160198,-5.82,1234.636,278.8,-5.663639808559999,0.15636019144000102,POTENCIAL MEDIO
836,0.2364379865193348,0.9094010799668112,2.078619349141347e-05,7.931500525140031,704.9426266660205,0.1515582796183332,-5.92,1285.727,238.26,-5.748478707859999,0.17152129214000134,POTENCIAL MEDIO
2172,0.0891871233628585,0.7972902839290438,2.195128978849976e-05,6.734379085721491,768.0970563446214,0.4745297658990697,-5.82,1434.277,315.24,-6.1765,0.3564999999999996,BAJO POTENCIAL
7221,0.1061493206276318,0.7899896772936628,7.648007484089821e-05,4.7951531095422375,360.464641752224,0.4352443873488665,-5.62,684.838,148.23,-5.575600000000001,0.04439999999999866,POTENCIAL MEDIO
1460,0.2384979067031606,0.9127182380836736,7.176499869790709e-05,5.680137387735133,408.8624991337724,0.1563624688896644,-5.84,764.969,178.36,-5.819699999999995,0.020300000000005092,POTENCIAL MEDIO
2159,0.1964362242619326,0.8710648514645407,1.4295034712900348e-05,7.718276544189254,806.7606825672206,0.1555166823574328,-5.64,1503.927,317.13,-5.887499999999996,0.24749999999999606,POTENCIAL MEDIO
8060,0.1555399421314161,0.864964559637427,2.1086302921479e-05,7.156805400406682,770.131772482826,0.3446458320455066,-5.89,1423.85,306.13,-5.918782721639994,0.028782721639994513,POTENCIAL MEDIO
1972,0.05182930074997,0.7288596079895195,3.4064486869030875e-05,6.053050393837681,591.2897895107793,0.6239261357967064,-5.72,1122.382,247.41,-6.24797700281001,0.5279770028100099,BAJO POTENCIAL
7208,0.1634812416335166,0.8797256809227009,5.652772607225224e-05,5.803665881573028,523.5684202530118,0.3822456210519026,-5.9,975.243,258.49,-6.081041582869995,0.1810415828699945,BAJO POTENCIAL
1988,0.1647907032169533,0.8717863501613061,1.8610190219292635e-05,7.561926512124614,777.5676746316522,0.2848187809017122,-5.77,1466.274,308.34,-5.824182721639994,0.054182721639994824,POTENCIAL MEDIO
4416,0.1643654777756669,0.8609990218347312,6.347653353303925e-05,5.192556011740791,442.3703352005771,0.2444547429134147,-5.73,808.078,159.75,-5.622900000000004,0.10709999999999642,POTENCIAL MEDIO
847,0.17510317803483,0.8779180018142541,1.7660962096813303e-05,7.797210466121896,791.0928814322588,0.2991795541096094,-5.74,1457.911,316.69,-5.982031741240005,0.24203174124000437,POTENCIAL MEDIO
7840,0.2090470034761615,0.8974785444498702,2.590779276514512e-05,7.060952507510917,694.4693671621496,0.213295913768207,-5.74,1272.685,278.8,-5.801702998420004,0.06170299842000393,POTENCIAL MEDIO
2127,0.1434602546528126,0.8409370346599917,1.767842536916061e-05,7.3223260455795,744.7678084640071,0.3060863391250856,-5.82,1390.22,299.11,-5.906075629890004,0.08607562989000339,POTENCIAL MEDIO
114,0.3150479887103256,0.944771933582572,4.8322251585057904e-05,6.894226670732851,658.3410892172716,0.2859069056129453,-5.74,1223.569,307.9,-5.867900000000007,0.12790000000000656,POTENCIAL MEDIO
2261,0.2052373029266186,0.8977212451689623,2.136778736085245e-05,7.493058438455206,766.6477025639816,0.2213748984674861,-5.8,1417.847,337.77,-6.020999999999997,0.22099999999999742,BAJO POTENCIAL
7286,0.2241261900468851,0.909828336864898,5.374095016945106e-05,6.067234692416473,510.96744302888527,0.2280178652163575,-5.8,948.286,226.74,-5.674191303730003,0.12580869626999647,POTENCIAL MEDIO
7276,0.1409176942677874,0.8411601761277765,4.302313597814273e-05,5.68535531641155,523.4753726895048,0.3484152127514748,-5.76,964.263,209.16,-5.559883598289996,0.20011640171000344,POTENCIAL MEDIO
1506,0.0540723133739526,0.7348098337182313,6.508228066832236e-05,5.1176090790359865,444.5967851513328,0.568315148412837,-5.66,825.068,157.26,-5.862000000000005,0.2020000000000053,POTENCIAL MEDIO
2214,0.1232853059118878,0.8363780803675203,1.7525108782810196e-05,7.503110084658703,808.6908061753252,0.3792509892937171,-5.77,1482.962,317.21,-5.888900000000002,0.11890000000000267,POTENCIAL MEDIO
7887,0.1670003690539184,0.8672603321115677,2.2167602792228425e-05,7.0224317134506125,725.3966261634579,0.2921972107507982,-5.8,1327.762,308.34,-5.7901,0.00990000000000002,POTENCIAL MEDIO
1764,0.1625905834514134,0.8464009623424049,5.0923587139868e-05,5.51887643980003,434.9061572747794,0.2122384624276691,-5.81,797.051,157.9,-5.611399999999999,0.19860000000000078,POTENCIAL MEDIO
8463,0.127972300627477,0.848413181646107,9.943506017298426e-05,4.95336523177606,353.1064474212832,0.4762905975430882,-5.910094889,662.832,174.6,-5.964355035619999,0.054260146619999006,POTENCIAL MEDIO
7891,0.1715517560176326,0.8726737158980776,2.6217916979647145e-05,6.708395973343115,690.805509862642,0.2856552669706992,-5.89,1270.669,270.01,-5.853023725119995,0.0369762748800051,POTENCIAL MEDIO
294,0.3569399241258054,0.9546199344763534,2.529473339976463e-05,8.483813541516735,826.0072752261801,0.173866836688067,-5.82,1543.961,366.1,-5.861000000000002,0.041000000000002146,POTENCIAL MEDIO
7475,0.1836254271332909,0.8714622720502365,5.239656603886128e-05,5.5604263193472825,461.6737585673157,0.1883021000842966,-5.82,847.181,198.15,-5.8523000000000005,0.03230000000000022,POTENCIAL MEDIO
2192,0.1720885411719435,0.8470105976384384,1.4845007381879954e-05,7.555091343144459,759.3328241962645,0.18984876810808,-5.64,1399.828,308.34,-5.825649604440002,0.18564960444000267,POTENCIAL MEDIO
1894,0.2628731365546256,0.922958127067062,9.778601931372347e-05,5.352503914180091,342.4372217785737,0.1426410250241692,-5.72,667.764,230.08,-6.335700000000002,0.6157000000000021,BAJO POTENCIAL
865,0.1644803334632535,0.8323367500265527,1.0371525592074698e-05,8.40058154016401,826.5138582164761,0.2386396619706183,-5.89,1528.99,354.58,-6.030799999999995,0.14079999999999515,BAJO POTENCIAL
1974,0.24645969983926,0.9209293884743104,4.137655204602613e-05,6.803544366517883,567.8264780518076,0.1988603636164031,-5.77,1078.329,238.18,-5.745776438359994,0.02422356164000572,POTENCIAL MEDIO
2233,0.2091897864780761,0.9012156903136634,2.093329747525181e-05,7.528225994144328,795.9732010938451,0.2486157222800909,-5.92,1486.9,302.35,-5.997978174819996,0.0779781748199957,POTENCIAL MEDIO
873,0.1763791099008835,0.8788741772456455,1.929789946749096e-05,7.352739448238704,821.1014064374662,0.3080452003717559,-5.8,1506.004,333.34,-5.867800000000001,0.06780000000000097,POTENCIAL MEDIO
8036,0.1122252575282857,0.8295758062785233,2.4980113563958948e-05,6.908019677171604,681.5284166017212,0.3759557638296698,-5.68,1273.072,267.36,-5.814589082880003,0.13458908288000337,POTENCIAL MEDIO
3198,0.1420026733197253,0.8577854267959039,9.04514069493722e-05,4.938563920648825,386.5978671437754,0.3856711617863907,-5.69,716.924,139.44,-5.377000000000001,0.3129999999999997,POTENCIAL MEDIO
1606,0.0926211258010544,0.8102589509770907,0.0001297484875779,4.395709231885841,341.94344718923367,0.4678669162171657,-5.76,620.836,139.44,-5.565299999999996,0.19470000000000365,POTENCIAL MEDIO
2146,0.201954765307704,0.897387760613971,2.110815961046317e-05,7.559499551068529,778.8284486470143,0.2480186566099821,-5.7,1441.865,326.36,-5.767400000000001,0.06740000000000101,POTENCIAL MEDIO
606,0.2775162490890168,0.9314064918378578,2.391232440436106e-05,7.9051815455606915,774.0425326572604,0.1810375718763915,-5.8,1425.87,311.22,-5.787800000000002,0.012199999999998212,POTENCIAL MEDIO
2005,0.1603354100924238,0.850935939338488,1.4849844389852655e-05,7.668935854784029,787.1969069322223,0.2366933603890318,-5.62,1482.849,339.25,-5.814516021960002,0.19451602196000195,POTENCIAL MEDIO
2454,0.1544233544588528,0.8308736222590076,2.04675750074453e-05,6.8898581680101785,639.3365472663721,0.2388418961336849,-5.95,1195.514,256.72,-5.9489887264,0.0010112736000005285,POTENCIAL MEDIO
2163,0.2579017382942705,0.9255929337773894,2.2260436623389523e-05,8.041299365872836,801.7990521920714,0.2517035113141134,-5.7,1487.928,299.11,-5.725699999999998,0.025699999999997836,POTENCIAL MEDIO
5418,0.114835755597045,0.8135198890060426,4.560873628588622e-05,5.595391819725569,481.67540093383576,0.3383264832075458,-5.87,910.129,168.54,-5.896200000000005,0.026200000000004664,POTENCIAL MEDIO
7296,0.2305447836617652,0.913833305254938,5.844801367994779e-05,5.862065341680687,532.4983409498799,0.2584586933656989,-5.67,978.29,217.95,-6.130940487880002,0.4609404878800021,BAJO POTENCIAL
2412,0.1497420877167838,0.8458922505117485,0.0001094888329434,4.55289205556666,316.0313962036801,0.314237594728331,-5.72,581.755,154.22,-5.766000000000012,0.04600000000001181,POTENCIAL MEDIO
7985,0.1637427356662744,0.8787728144937945,2.124411033881952e-05,7.516169963666283,796.575335392273,0.3173339081196673,-5.85,1494.325,337.8,-5.941300000000007,0.09130000000000749,POTENCIAL MEDIO
2221,0.1726049318957767,0.8862879116612785,2.941689816922332e-05,6.949283417699744,745.0443958520252,0.3514060158205538,-5.89,1369.802,299.11,-5.892099999999994,0.0020999999999942176,POTENCIAL MEDIO
1960,0.1349539012253564,0.8351096910077095,2.962018894741429e-05,6.394104237701372,568.1400645001062,0.344020603123344,-5.89,1096.303,229.39,-5.950321720859992,0.06032172085999221,POTENCIAL MEDIO
7863,0.1390097597347473,0.8502581347828756,1.9310199497749863e-05,7.414999416298905,736.493217839199,0.3154539847956424,-5.92,1394.164,326.36,-6.062200000000006,0.1422000000000061,BAJO POTENCIAL
7381,0.2483661543447446,0.9210740184157392,0.0001526751742962,4.789215762385671,289.61060918931406,0.229041381272789,-5.84,578.695,146.53,-5.939099999999996,0.09909999999999641,POTENCIAL MEDIO
1445,0.1317382579198453,0.8533787475114877,6.674064341553481e-05,5.403760238570291,452.7590972535323,0.4542455951618486,-5.86,858.05,178.21,-5.862199999999999,0.0021999999999984254,POTENCIAL MEDIO
7664,0.1587416334171143,0.8634184068946567,2.7394322641946853e-05,6.571009173822045,668.0905760392377,0.2809728478408598,-5.66,1244.587,296.82,-5.765499999999999,0.10549999999999926,POTENCIAL MEDIO
1015,0.1411637776874314,0.8605038637090305,8.673679597180586e-05,5.048708487026914,415.02597675048906,0.4274428373375849,-5.67,755.014,159.67,-5.6503,0.019700000000000273,POTENCIAL MEDIO
6915,0.1428670609771176,0.8504679270413984,4.2169508016133455e-05,5.795121091817154,553.3357897607533,0.3670000525752807,-5.62,1016.336,244.25,-5.923432087279999,0.30343208727999915,POTENCIAL MEDIO
7157,0.2575068782206288,0.9255358557996874,4.254831660538e-05,6.569024707735073,603.2755305290353,0.2484077101511059,-5.92,1170.366,262.27,-5.935585432580001,0.01558543258000089,POTENCIAL MEDIO
2186,0.1744373523299134,0.8544572125864013,1.4649600171587516e-05,7.771131013408944,759.1809093419074,0.2180445848368148,-5.82,1399.828,317.13,-6.065309826600003,0.24530982660000245,BAJO POTENCIAL
2236,0.1840629870271488,0.8766147315228896,1.8163775902639222e-05,7.442574666789727,785.2274947163538,0.2192465118554388,-5.92,1438.909,307.98,-5.925678506549997,0.005678506549997131,POTENCIAL MEDIO
298,0.3870492026600986,0.9608418373094808,2.687560760271968e-05,8.457613614875095,842.9753742425836,0.1531492192135729,-5.85,1579.994,366.1,-6.079400000000008,0.22940000000000804,BAJO POTENCIAL
2210,0.2014960890090787,0.8950499637760106,2.105241383138475e-05,7.41076611496281,782.5634944360521,0.2260773912675874,-5.89,1443.881,328.57,-5.7797999999999945,0.11020000000000518,POTENCIAL MEDIO
829,0.2323208358413611,0.9138640578596612,2.30157710327493e-05,7.808466071344834,746.1807934119646,0.2120416423778068,-5.64,1372.805,278.8,-5.7370293750899926,0.09702937508999288,POTENCIAL MEDIO
2011,0.2037357091410383,0.8964599305094739,2.093088842179619e-05,7.581138233131555,735.5090312118552,0.1985117241736928,-5.74,1398.155,308.34,-5.800800000000002,0.060800000000002186,POTENCIAL MEDIO
2232,0.1402411355071391,0.8458912438421432,1.6394027991088362e-05,7.562084418039589,805.980355981564,0.3083726424111468,-5.8,1496.936,329.16,-5.837400000000003,0.03740000000000343,POTENCIAL MEDIO
2421,0.31851257774364,0.945550063915582,7.884738980512335e-05,6.029030681642184,551.5712765477529,0.3096861012647254,-5.77,1013.336,238.26,-5.686464301139996,0.083535698860004,POTENCIAL MEDIO
4816,0.274610193528056,0.9312112381416388,9.485617421173072e-05,5.490075176432592,414.5418561476664,0.2144453439755563,-5.88,765.997,177.33,-5.889999999999997,0.009999999999997122,POTENCIAL MEDIO
2266,0.1373414457328549,0.8275208153254987,1.562510350270529e-05,7.277285370733526,819.4956681141653,0.3192847646482792,-5.89,1499.989,317.57,-6.239399999999998,0.3493999999999984,BAJO POTENCIAL
8285,0.1183929654428346,0.797692627586193,3.296016587515489e-05,5.9241272220905765,539.7500225957866,0.2989724934276894,-5.742320781,1008.338,244.25,-5.824669948879996,0.08234916787999591,POTENCIAL MEDIO
5724,0.1557303235099457,0.8756064021477855,5.76497153650497e-05,5.851493278532696,544.008991791664,0.4580749392012586,-5.77,1002.309,253.04,-5.813695966859996,0.043695966859996105,POTENCIAL MEDIO
2257,0.1548240396230509,0.8282336311733537,1.2915459447875948e-05,7.843339449246995,782.1677239239363,0.2525927783722609,-5.74,1436.89,320.81,-6.037367655080003,0.29736765508000307,BAJO POTENCIAL
1233,0.0675604343569278,0.7666919462505287,0.0001100402434519,4.864113532757574,406.08373485494064,0.6933600094797089,-5.89,740.987,148.67,-5.858699999999999,0.03130000000000077,POTENCIAL MEDIO
1996,0.2071139332928403,0.8989848387036653,2.4720893664070243e-05,7.040535920503372,754.7749633517257,0.2436989217750517,-5.92,1400.256,325.92,-5.923699999999999,0.0036999999999993705,POTENCIAL MEDIO
7997,0.1379791835132925,0.8333046125293264,2.0313616244188084e-05,6.725108449352456,759.1001829770807,0.3380003563057234,-5.89,1399.828,319.34,-5.975739231759995,0.08573923175999543,POTENCIAL MEDIO
7945,0.1537133485076768,0.8443312926382288,1.783501453593175e-05,7.300348188461372,726.6946296225608,0.2588827748813843,-5.64,1341.748,299.11,-5.733724810499994,0.09372481049999415,POTENCIAL MEDIO
7346,0.1730600766983834,0.8769923742638932,3.126022284895892e-05,6.500436271912814,646.6390535982288,0.3067820630216964,-5.89,1188.567,258.57,-6.137256753490002,0.2472567534900021,BAJO POTENCIAL
2690,0.1175735202912598,0.8061991959500792,4.503152376932501e-05,5.617366820058662,453.4275822212308,0.3519286297202846,-5.81,861.056,148.23,-5.995599999999997,0.18559999999999732,POTENCIAL MEDIO
2170,0.1349997193761467,0.8309899139514455,1.5584989397638303e-05,7.4616864458094545,814.2480593063013,0.3175562808274972,-5.92,1483.994,315.24,-5.948099999999999,0.028099999999999348,POTENCIAL MEDIO
2208,0.1144681589609139,0.8353106395004322,1.860390344665391e-05,7.495706096229478,818.9864395069629,0.4020245599615438,-5.85,1520.407,328.57,-5.914600000000007,0.06460000000000754,POTENCIAL MEDIO
7811,0.1997283770404332,0.8915316179697289,2.875299650656084e-05,6.950426273436664,631.3132661237865,0.2284107611792923,-5.92,1148.543,287.59,-5.866499999999999,0.05350000000000055,POTENCIAL MEDIO
2169,0.1843625778978458,0.8797214706339508,1.7397941591188438e-05,7.655157918640111,800.8599234519867,0.2290402801261533,-5.82,1471.939,333.26,-6.104095784909999,0.284095784909999,BAJO POTENCIAL
2234,0.1360032800777322,0.8225527266127325,1.4754081896214965e-05,7.310896358245916,809.9850420500658,0.3063548264929668,-5.85,1537.344,311.58,-6.1857,0.3357000000000001,BAJO POTENCIAL
5420,0.1598875583627638,0.843341702460905,3.979877908535941e-05,5.792343003027712,496.047723415494,0.2700463994699197,-5.73,918.193,168.54,-5.730400000000007,0.0004000000000061732,POTENCIAL MEDIO
605,0.1621026474918735,0.8582873384415557,2.119199258692957e-05,6.966016459063728,707.3825358397291,0.2549552542395371,-5.62,1328.665,337.0,-5.680200000000003,0.060200000000002696,POTENCIAL MEDIO
504,0.2184943733894203,0.9009173400440386,1.7962971014005583e-05,7.808654275289967,803.4126404435724,0.1907633864319933,-5.62,1488.925,319.42,-5.923539087410002,0.3035390874100017,POTENCIAL MEDIO
2767,0.0641397262002972,0.7649912603161639,0.000105263917549,4.792041138298877,409.0769919754031,0.668883155424939,-5.7,764.968,130.65,-5.631100000000001,0.0688999999999993,POTENCIAL MEDIO
1989,0.1047169622687389,0.8162720449231768,1.9590237264269105e-05,7.18411649512599,761.0129785390767,0.3341569336082011,-5.8,1419.262,309.79,-6.110700000000003,0.3107000000000033,BAJO POTENCIAL
1347,0.1682762422729138,0.8774763077119553,7.750037047722836e-05,5.220251295845358,409.7845912147284,0.2820256442711859,-5.94,781.395,148.67,-5.844900000000001,0.09509999999999952,POTENCIAL MEDIO
7302,0.2074448857741725,0.9059161936861196,6.191685647485078e-05,5.92547214687222,542.3963934330204,0.4335707104771011,-5.91,999.309,238.26,-5.911329073500006,0.001329073500006217,POTENCIAL MEDIO
2106,0.2058980409415744,0.9006785881852511,1.9751853400957392e-05,7.932716222845148,778.090175001739,0.2241902276780665,-5.89,1447.863,299.11,-6.056678879220002,0.16667887922000268,BAJO POTENCIAL
7861,0.1798588161858376,0.8764843286810837,2.040325284454203e-05,7.364177688151512,726.6946296225609,0.2485751631981983,-5.8,1341.748,299.11,-5.853841003480003,0.0538410034800032,POTENCIAL MEDIO
2033,0.1775718011078745,0.884946049961242,2.2338461079553944e-05,7.33332009142503,772.4851510588032,0.3358153028987566,-5.77,1433.845,308.34,-5.750599999999997,0.01940000000000275,POTENCIAL MEDIO
7979,0.2129054796910218,0.8987055225459772,1.822999035326038e-05,7.758489718432238,805.8748910406666,0.1752632629944394,-5.82,1487.934,346.59,-6.073000000000004,0.25300000000000367,BAJO POTENCIAL
2014,0.1904965731102327,0.8926407342459693,1.9924222768385225e-05,7.815707298736327,781.6600341735355,0.2963008510075293,-5.74,1447.872,308.34,-6.069689353930001,0.329689353930001,BAJO POTENCIAL
2133,0.2426305513764311,0.919947316556519,2.582092987544985e-05,7.6815865637878,735.4410104949177,0.2378406207654395,-5.8,1376.193,307.9,-5.864299999999999,0.06429999999999936,POTENCIAL MEDIO
2467,0.4381903473555036,0.9688534609380038,0.0006672580510884,4.0713005553097386,202.60011813607136,0.2545280903766302,-5.6,374.485,99.33,-5.1716999999999995,0.4283000000000001,POTENCIAL MEDIO
995,0.1691239514237925,0.8840614449398116,9.859756800845602e-05,5.061882525270127,402.64801437624783,0.3726411457640384,-5.33,764.006,169.91,-5.519299999999999,0.18929999999999936,POTENCIAL MEDIO
987,0.1608384731015275,0.8754401583534664,9.939551310855047e-05,4.906832735055627,375.1233650320508,0.4027908933806742,-5.33,721.925,169.91,-5.4255999999999975,0.09559999999999746,POTENCIAL MEDIO
986,0.1147556290698003,0.8376631852503557,0.0001017176423401,4.7788206586954844,365.9484819173188,0.5029379558048263,-5.31,707.898,169.91,-5.568299999999997,0.25829999999999753,POTENCIAL MEDIO
985,0.1086103295442838,0.7986697231777234,7.481399153047321e-05,4.838056611923383,365.9484819173187,0.4510772160830254,-5.32,707.898,169.91,-5.533400000000001,0.21340000000000092,POTENCIAL MEDIO
984,0.1243938258036678,0.8405671643036752,9.067374479892354e-05,4.810809301293051,375.123365032051,0.424159223121504,-5.28,721.925,169.91,-5.323499999999991,0.04349999999999099,POTENCIAL MEDIO
982,0.158993641813593,0.8745202047551427,9.951750875237586e-05,4.916279121071304,375.123365032051,0.3800861088181014,-5.28,721.925,169.91,-5.421999999999997,0.1419999999999968,POTENCIAL MEDIO
7341,0.1875161340102023,0.8837459216667671,3.438413846666396e-05,6.287223143207523,624.1599287666011,0.2512871940918602,-5.61,1140.523,267.36,-5.685001963970008,0.07500196397000725,POTENCIAL MEDIO
5634,0.2277432225516804,0.911639338334163,0.0002400253554712,4.217520722795716,240.80314654906545,0.2442721836448629,-5.39,444.576,107.61,-5.817599999999994,0.42759999999999465,POTENCIAL MEDIO
1511,0.0431611355249876,0.7129960145439476,6.406403518164094e-05,5.210154259630875,451.5863457468437,0.5796990433140019,-5.59,840.083,170.15,-5.999599999999999,0.4095999999999993,POTENCIAL MEDIO
1891,0.1321058807983068,0.846216899066907,9.728086716616506e-05,4.91297960746202,323.7028994755685,0.343259482112087,-5.49,639.71,255.07,-5.809101897780005,0.31910189778000486,POTENCIAL MEDIO
1895,0.2254166370812072,0.901296108121722,7.705225275436339e-05,5.411262302706343,361.1715440815789,0.1240896651799554,-5.26,695.818,210.29,-5.605375406119995,0.3453754061199952,POTENCIAL MEDIO
8112,0.1754193820936918,0.8532709640945668,4.589583257964734e-05,5.605392448158604,452.0822836638704,0.2132128545365969,-5.3,847.075,265.6,-5.978093919050001,0.678093919050001,POTENCIAL MEDIO
1454,0.1014099306676258,0.8239564894452848,0.0001070164943691,5.042197127029583,384.65927379049737,0.6216919593751689,-5.52,717.909,174.7,-5.810001897779995,0.2900018977799954,POTENCIAL MEDIO
7483,0.0873608371264592,0.8048227171247035,6.595479470580974e-05,5.401593710152016,425.41255503280775,0.4777528838853341,-5.54,823.033,210.78,-5.651400000000004,0.11140000000000416,POTENCIAL MEDIO
7261,0.2251470563958237,0.9138977635462294,8.446147524535441e-05,5.458672220774305,475.9772648740497,0.3370476284920921,-5.27,869.162,180.06,-6.3160000000000025,1.046000000000003,BAJO POTENCIAL
7259,0.1428668243453235,0.8607987108354118,7.446502131256559e-05,5.194032520015997,446.75736186849326,0.4432032329324866,-5.36,817.086,188.85,-5.458200000000006,0.09820000000000562,POTENCIAL MEDIO
7260,0.1182531359956564,0.84385709061814,8.817766139516648e-05,5.047837740793345,428.25568078467177,0.5441829127696927,-5.61,789.032,197.64,-5.639900000000007,0.0299000000000067,POTENCIAL MEDIO
1158,0.0591214216848174,0.7302787886307098,7.992386083437216e-05,4.741649036749565,393.0930795863435,0.5221733461868536,-5.5,724.944,148.67,-5.6065000000000005,0.10650000000000048,POTENCIAL MEDIO
7275,0.2412238961484863,0.9143904925500052,5.3391730147217465e-05,6.066095835087155,500.84433300352,0.1730951590144965,-5.49,916.219,226.74,-5.720799537050004,0.23079953705000378,POTENCIAL MEDIO
7455,0.1962167239883744,0.8978339954627045,0.0001002661891743,5.065624160772033,393.2428409903825,0.3505259649304115,-5.51,729.001,168.97,-5.440499999999995,0.069500000000005,POTENCIAL MEDIO
7236,0.1634815112665299,0.8766037645328681,6.50624949840807e-05,5.444993034646998,492.47986258779775,0.3499074984527153,-5.34,887.221,197.64,-5.415999999999994,0.0759999999999943,POTENCIAL MEDIO
7239,0.1783870377668744,0.8699625461231417,5.741689845038368e-05,5.494815579445715,437.430563899404,0.2148088446737454,-5.47,803.059,197.64,-5.873300000000006,0.403300000000006,POTENCIAL MEDIO
8453,0.3182823427650688,0.9455134008865071,0.0003283341471817,4.211288751650984,242.74019542999403,0.25396212185929,-5.3,454.571,94.89,-5.161800000000007,0.13819999999999322,POTENCIAL MEDIO
7334,0.1008903729053752,0.8029918486638062,2.8585444301855545e-05,6.209207863021443,664.6849901189793,0.4672602215329201,-5.46,1216.621,276.15,-5.6090542162399935,0.1490542162399935,POTENCIAL MEDIO
7338,0.1787456701686987,0.8392401822555668,2.0671631618172287e-05,6.777777122959101,633.4867267356904,0.175026622051995,-5.55,1154.55,258.57,-5.838733544549999,0.28873354454999944,POTENCIAL MEDIO
8447,0.3443799919672591,0.9515140681173916,0.0003188503598227,4.350798981745938,233.26148260654784,0.1596468677756558,-5.49,440.544,112.47,-7.634800000000007,2.144800000000007,BAJO POTENCIAL
7316,0.1027464660037765,0.8121591581414379,3.189476975769244e-05,6.33298821038644,601.2712210148635,0.4609499928016532,-5.35,1103.461,247.05,-5.492439100550006,0.14243910055000608,POTENCIAL MEDIO
7313,0.1581488434532298,0.8697277782974868,3.821174294682286e-05,6.212405498351313,592.0963379001311,0.3511085748495856,-5.32,1089.434,247.05,-5.503807311829999,0.183807311829999,POTENCIAL MEDIO
1204,0.2363401766915843,0.9128367176605842,7.58579870140085e-05,5.586564614224845,413.0946920593297,0.1951393164416284,-5.43,762.997,157.26,-5.4978,0.06780000000000008,POTENCIAL MEDIO
7304,0.1611828694175961,0.8634638357616042,3.1098751440662935e-05,6.495407187327138,601.4231358692205,0.3030103461268731,-5.57,1103.461,238.26,-5.663145662649999,0.09314566264999868,POTENCIAL MEDIO
7299,0.192633035492221,0.8950751277347961,4.212494469102211e-05,6.30093894303789,592.248252754488,0.3011805656207627,-5.6,1089.434,238.26,-5.815115409030007,0.21511540903000714,POTENCIAL MEDIO
1279,0.1642790075488158,0.8700717167110851,6.38734698167472e-05,5.460137608632037,435.4005054277224,0.3203136334230892,-5.51,804.046,161.56,-5.719699999999994,0.20969999999999445,POTENCIAL MEDIO
7297,0.1533978865367861,0.8623358793227602,3.030749028607735e-05,6.621229144492623,618.2393200312665,0.3158976816163963,-5.41,1139.494,247.05,-5.475092279190006,0.06509227919000615,POTENCIAL MEDIO
7452,0.2283520643577011,0.9154757944665828,0.0001190216229901,5.175357616331039,387.0455828432214,0.3719352840448696,-5.6,712.933,186.04,-6.022300000000007,0.422300000000007,BAJO POTENCIAL
1067,0.1131406387044256,0.8286253228699544,7.422018398352723e-05,5.218109264755332,399.5185309180538,0.4030802913166901,-5.48,735.971,181.6,-5.612800000000005,0.13280000000000491,POTENCIAL MEDIO
1070,0.1140397023184123,0.8372056473648535,8.220311953469831e-05,5.22474413187517,399.5185309180538,0.5192458444347354,-5.6,735.971,181.6,-5.636600000000007,0.03660000000000707,POTENCIAL MEDIO
1048,0.1098357845176181,0.8310175319801681,8.31345911090164e-05,5.186789320604039,387.0455828432214,0.4947695600020063,-5.46,712.933,186.04,-5.8401009488900035,0.38010094889000356,POTENCIAL MEDIO
1057,0.0970163866811639,0.8175124901292143,8.605328728881005e-05,5.013183891334135,405.6991787813998,0.4618068487268703,-5.42,740.987,168.46,-5.647399999999997,0.22739999999999672,POTENCIAL MEDIO
980,0.1581870405633494,0.870524849280377,8.207932003472295e-05,5.12282779559038,415.0259767504893,0.3683858822601329,-5.52,755.014,159.67,-5.5850999999999935,0.06509999999999394,POTENCIAL MEDIO
5662,0.1197219554076678,0.8456476974458697,6.637735188931108e-05,5.511015151201669,482.7196243162801,0.5081503183959968,-5.3,899.213,206.43,-5.316043971360005,0.01604397136000557,POTENCIAL MEDIO
1863,0.2288916413557941,0.9126159803161634,4.823896558649041e-05,6.262216103958447,563.0185930093475,0.2621187224522933,-5.27,1019.384,238.26,-5.369765839489997,0.09976583948999718,POTENCIAL MEDIO
1861,0.0250999597634601,0.6504002920571692,6.107948210527964e-05,5.166331813898274,480.7388067661502,0.8212207759593155,-5.4,925.169,165.22,-5.491099999999994,0.09109999999999374,POTENCIAL MEDIO
1860,0.066781811409658,0.7588510578029749,4.4660482831228974e-05,5.843954051087106,471.4120087970609,0.5202959500106944,-5.57,911.142,174.01,-5.839899999999999,0.2698999999999989,POTENCIAL MEDIO
1857,0.1666281521401877,0.8815251269822563,6.215644511905436e-05,5.780273137152332,458.0210035032324,0.2854332720139546,-5.42,890.111,169.91,-5.558600000000001,0.13860000000000117,POTENCIAL MEDIO
1855,0.0385397243675492,0.6737728783509483,5.12143993526654e-05,5.379869652999639,447.464453175439,0.6655144097310404,-5.28,884.063,169.91,-5.421199999999992,0.14119999999999155,POTENCIAL MEDIO
1853,0.2455695168675655,0.9224309024362536,8.191118834512606e-05,5.690749206086149,460.2930895993868,0.2499906973932844,-5.4,876.137,169.91,-5.5917500809799945,0.19175008097999413,POTENCIAL MEDIO
1852,0.2205595497293736,0.9100486614311228,6.092953051571171e-05,6.099481304548003,465.4626673293109,0.2344919397849848,-5.32,870.108,169.91,-5.462927768509998,0.1429277685099981,POTENCIAL MEDIO
1034,0.1830019256388111,0.8734426611774329,7.228117473216402e-05,5.1238324229211845,405.8510936357569,0.2404695001090992,-5.51,740.987,159.67,-5.424399999999994,0.08560000000000567,POTENCIAL MEDIO
1039,0.1605160198379934,0.8724228405466273,8.380393473457879e-05,5.236652011662457,387.5013274062924,0.3186157488055699,-5.54,712.933,159.67,-5.910600000000001,0.3706000000000014,POTENCIAL MEDIO
1038,0.1021595151420137,0.8269292591502405,9.94101160314834e-05,4.92850389861488,396.67621052102464,0.4171405994686341,-5.44,726.96,159.67,-5.609300000000002,0.16930000000000156,POTENCIAL MEDIO
1036,0.1264586145343043,0.8293104039211674,7.905483511424377e-05,4.833929130941594,396.67621052102464,0.2749137608546072,-5.6,726.96,159.67,-5.6633000000000076,0.0633000000000079,POTENCIAL MEDIO
1032,0.2034846730916396,0.9038952923815492,0.000107564967613,5.1208055727143575,415.1778916048463,0.4073100521018055,-5.26,755.014,150.88,-5.429599999999994,0.16959999999999464,POTENCIAL MEDIO
8114,0.1546254422514623,0.8723308378554602,5.207624432699078e-05,5.875191084059774,521.4002563663222,0.3712600917865349,-5.309384159,980.284,244.25,-5.94216897236,0.6327848133599998,POTENCIAL MEDIO
8140,0.2743650496450336,0.9300671860411208,4.7472745064795046e-05,6.615348811921587,539.7500225957867,0.1904378131627868,-5.453495214,1008.338,244.25,-5.6902932263699935,0.23679801236999332,POTENCIAL MEDIO
8116,0.1782717992994221,0.8775293809199719,4.103787577134838e-05,6.105082186343333,530.5751394810544,0.2470562768561123,-5.400722167,994.311,244.25,-5.704363513150009,0.30364134615000893,POTENCIAL MEDIO
8119,0.144950377388011,0.8386020565361235,3.618474420303268e-05,5.930791480464657,539.7500225957866,0.3052077808259968,-5.516110227,1008.338,244.25,-5.664516568500006,0.14840634150000565,POTENCIAL MEDIO
8131,0.1728392283208335,0.8665586825011545,3.377806158802631e-05,6.385876117840982,539.7500225957866,0.2701269167891464,-5.509833662,1008.338,244.25,-5.8914949673800034,0.3816613053800033,POTENCIAL MEDIO
8138,0.2121621322296447,0.8933822720750098,3.850265860108061e-05,6.285733248034799,530.5751394810544,0.1820094716315351,-5.303671307,994.311,244.25,-5.501003298519996,0.19733199151999603,POTENCIAL MEDIO
1880,0.118285143271069,0.8202056171169246,3.627082170617876e-05,5.9386152731865405,569.327325875693,0.4400173412372858,-5.35,1038.386,203.02,-5.5438142692900065,0.1938142692900069,POTENCIAL MEDIO
978,0.1695832532849585,0.8605670638539754,6.248079775580954e-05,5.206049518344385,444.24852142909225,0.2557324031980467,-5.52,789.116,159.67,-5.550999999999995,0.030999999999995254,POTENCIAL MEDIO
1869,0.1397216868417675,0.8291386311340214,3.924815890416481e-05,5.752188601854237,524.1114081466847,0.3113528869994492,-5.4,953.28,182.71,-5.265447243660002,0.13455275633999797,POTENCIAL MEDIO
1875,0.2219022996375761,0.907902267250309,5.540519830368193e-05,5.923042665299579,514.9365250319523,0.2351156720889308,-5.48,939.253,182.71,-5.485527768510004,0.0055277685100039164,POTENCIAL MEDIO
1876,0.18305281061479,0.8878501983743701,5.5132451109910365e-05,5.768484342828737,514.9365250319522,0.3436738455397707,-5.4,939.253,182.71,-5.473299999999991,0.07329999999999082,POTENCIAL MEDIO
2304,0.2475893693898308,0.9171093063297938,0.0001489894883651,4.544746683621725,323.593680959769,0.165970969390713,-5.51,592.782,139.44,-5.309199999999995,0.20080000000000453,POTENCIAL MEDIO
2354,0.2070365554336268,0.8902682450769823,2.719466309779772e-05,6.96589760169775,626.5842769678204,0.1912955921137031,-5.57,1132.544,258.57,-5.779436394050004,0.20943639405000347,POTENCIAL MEDIO
6584,0.1887999780218621,0.8888393301830826,4.398129852079504e-05,6.056572313946199,562.6625877298426,0.2655716710106783,-5.33,1030.363,235.46,-5.4705339475699954,0.14053394756999538,POTENCIAL MEDIO
2428,0.1772882990955308,0.8732670263071759,2.906792857653468e-05,6.767373659749665,588.1869148692626,0.2290327038973977,-5.35,1091.406,247.49,-5.647703006580007,0.29770300658000703,POTENCIAL MEDIO
2341,0.2499752188013929,0.922624521978531,9.690109612823912e-05,5.390134409162961,411.2326669840975,0.2241208981793464,-5.36,749.01,165.81,-5.512100000000004,0.15210000000000345,POTENCIAL MEDIO
2342,0.171469795091692,0.8854217604309766,0.0001016725045393,5.30191909055372,420.4075500988298,0.4982360993984628,-5.46,763.037,165.81,-5.744899999999999,0.2848999999999986,POTENCIAL MEDIO
2339,0.175354302188173,0.8493014752731647,5.542795745042733e-05,5.398406776081541,402.0577838693652,0.1990382377308365,-5.39,734.983,165.81,-5.4794850949299985,0.08948509492999879,POTENCIAL MEDIO
2336,0.1802995409533017,0.876441925487498,9.467938388295408e-05,4.938208470603773,345.46514637396905,0.2324528146971979,-5.39,640.826,165.81,-5.454600948889996,0.06460094888999635,POTENCIAL MEDIO
2335,0.0895473903872829,0.8078701160182504,0.0001317772380005,4.386100961961486,336.2902632592367,0.4414248868067882,-5.53,626.799,165.81,-5.457000000000001,0.07299999999999951,POTENCIAL MEDIO
2334,0.1353422437997613,0.8596878189273937,0.0001404601698256,4.795233269899437,327.1153801445044,0.5217593551139864,-5.58,612.772,165.81,-5.525400948890001,0.05459905110999941,POTENCIAL MEDIO
2323,0.1248397635291952,0.8350938435706792,8.910224315582856e-05,4.834518720719036,369.15156117682784,0.3905992983294976,-5.35,684.879,159.67,-5.485600000000004,0.1356000000000046,POTENCIAL MEDIO
2303,0.2624050638299629,0.9286779337514346,0.0002130986193746,4.445948559625078,314.4187978450366,0.3239791289875824,-5.31,578.755,139.44,-5.535099999999996,0.22509999999999675,POTENCIAL MEDIO
2445,0.1820616287645277,0.8680370167279624,2.770495860585271e-05,6.658718989285609,592.2482527544879,0.206720161127263,-5.27,1089.434,238.26,-5.478002881029995,0.2080028810299952,POTENCIAL MEDIO
2317,0.1659277744350439,0.8725718831827712,7.394382548790533e-05,5.21519668208479,430.0381777766331,0.2835117313123345,-5.5,777.064,139.44,-5.610499999999999,0.11049999999999915,POTENCIAL MEDIO
2316,0.1943609673645712,0.8909736164343517,8.151373616310845e-05,5.206822250344149,420.7016230679594,0.2418764944482976,-5.61,745.063,139.44,-5.453300000000008,0.15669999999999273,POTENCIAL MEDIO
6682,0.3392483528744424,0.9508784958185428,6.260047791049738e-05,6.660416450872535,562.6625877298426,0.2733545537524355,-5.45,1030.363,235.46,-5.76188597307,0.3118859730699999,POTENCIAL MEDIO
1903,0.1987334567272667,0.9015544428318027,0.0001306315347807,5.06272067274972,323.7028994755685,0.4208356704154123,-5.58,639.71,255.07,-5.951900000000002,0.3719000000000019,POTENCIAL MEDIO
947,0.0682479989317802,0.7462535647912569,0.0001036080622925,4.311170527301312,367.4339215734165,0.5586172111553479,-5.34,667.885,139.83,-5.363600000000006,0.023600000000006283,POTENCIAL MEDIO
7441,0.1511439510031142,0.86218120957735,5.245991885464612e-05,5.795018026179745,439.718466923378,0.3228220999466046,-5.41,874.107,269.85,-5.731793919050005,0.32179391905000454,POTENCIAL MEDIO
2512,0.1826384972091162,0.8810755120780797,0.0002832879620921,3.838363122174906,203.50357839858825,0.2633832152143232,-5.5,370.494,119.56,-6.523099999999999,1.0230999999999986,BAJO POTENCIAL
2147,0.1429668644834414,0.8387449987285193,1.8613469482043448e-05,7.032264317869727,764.6919351571319,0.32688352173858,-5.6,1411.839,308.34,-5.713417701640008,0.11341770164000842,POTENCIAL MEDIO
2288,0.2174877977575191,0.8991249447014606,5.192765809737485e-05,6.037687981172042,456.3036898647569,0.1867621662772071,-5.42,842.088,200.75,-5.9865999999999975,0.5665999999999976,POTENCIAL MEDIO
1634,0.268166398255879,0.9240772227938184,7.789343320801531e-05,5.669283296403001,394.2389378076284,0.135398355237703,-5.39,738.927,166.69,-5.5084999999999935,0.11849999999999383,POTENCIAL MEDIO
8108,0.2565517620182111,0.9165381829192188,1.982706782964989e-05,7.714392950983882,746.0480806694534,0.1196319287932987,-5.616184634,1436.17,270.09,-5.646984677719992,0.03080004371999223,POTENCIAL MEDIO
939,0.1499596248413539,0.8552944195111354,2.2966650707683893e-05,7.087574583701104,684.5991579529091,0.3205320838282905,-5.48,1244.672,284.87,-5.572672455870005,0.09267245587000428,POTENCIAL MEDIO
961,0.2957032755265702,0.939315188547763,0.000401450159485,3.922796404369555,219.10575114143808,0.2396906848872672,-5.61,414.506,98.82,-5.241000000000006,0.36899999999999444,POTENCIAL MEDIO
2418,0.1327150314372298,0.849488653761858,8.676836654751186e-05,5.144337950722658,353.73708434265984,0.3862229063574116,-5.32,676.822,157.02,-5.609801897780001,0.2898018977800003,POTENCIAL MEDIO
1826,0.1514417208556267,0.8464296087005108,5.458323250710564e-05,5.476480367548633,431.3042322856465,0.2789295103743229,-5.3,802.03,178.05,-5.757087703060002,0.4570877030600018,POTENCIAL MEDIO
8248,0.2329267702387273,0.897497045018715,3.40203112787534e-05,6.586363151622884,516.0411454054548,0.1092661261724426,-5.533639405,968.273,244.25,-5.9199759134199965,0.3863365084199968,POTENCIAL MEDIO
940,0.1245718884908562,0.8108105693297633,0.0001106041257532,4.285363126438915,321.54242201890463,0.3249936562816688,-5.29,593.766,145.43,-5.639000000000005,0.34900000000000464,POTENCIAL MEDIO
8041,0.1767903422168384,0.8661637374815466,2.0893547136215903e-05,7.131182544285596,681.5284166017212,0.2372612059828112,-5.55,1273.072,267.36,-5.6519050174000025,0.10190501740000268,POTENCIAL MEDIO
976,0.1163187498790786,0.8271823910607345,6.684393992964137e-05,5.196636589724781,444.24852142909225,0.422621042364013,-5.52,789.116,159.67,-5.535199999999996,0.01519999999999655,POTENCIAL MEDIO
509,0.3148591557656527,0.9439971985458364,2.4184327541466983e-05,8.365810743969613,775.0775784003655,0.1768732837465194,-5.57,1461.815,348.52,-5.502899999999998,0.0671000000000026,POTENCIAL MEDIO
7433,0.0348197763489899,0.6920432110525854,7.774591337022324e-05,4.997372490119109,428.9239353689091,0.6421343333914082,-5.49,792.035,186.12,-5.998300000000005,0.5083000000000046,POTENCIAL MEDIO
3407,0.2627244640417064,0.928735453233902,0.0001212603156062,5.267157507735548,399.902108860671,0.3407503873249425,-5.3,750.941,130.65,-5.3742000000000045,0.0742000000000047,POTENCIAL MEDIO
2280,0.1628242682655133,0.8791017177880445,6.30339751988478e-05,6.277715510566937,405.2580438958934,0.4926051355267876,-5.34,883.687,220.33,-5.721353400659996,0.38135340065999657,POTENCIAL MEDIO
7892,0.1817894499842483,0.8892316928935242,2.603046673440701e-05,7.169578103074439,728.1597690801349,0.3353836750487468,-5.41,1348.736,306.49,-5.565300000000005,0.15530000000000488,POTENCIAL MEDIO
5654,0.1579875024191569,0.8755613625724589,8.801748840527188e-05,5.167101203670261,409.9790572430749,0.3783810096636206,-5.6,772.026,186.12,-5.701700000000004,0.10170000000000456,POTENCIAL MEDIO
7465,0.1326020307950716,0.846510337496062,8.650331061438036e-05,4.88793783135058,383.88766698154143,0.342860669236749,-5.33,725.957,169.05,-5.372700948889998,0.04270094888999765,POTENCIAL MEDIO
2398,0.1403619374324555,0.855441077396311,0.0001307135882413,4.478216617997805,337.3947489273762,0.3562207159960945,-5.3,593.854,110.34,-5.280400000000004,0.019599999999996065,POTENCIAL MEDIO
1292,0.1591778836084189,0.8339899651118675,3.622397669896652e-05,6.05635493985059,471.2244921651043,0.2605104333442609,-5.44,871.137,166.49,-5.630600000000003,0.19060000000000255,POTENCIAL MEDIO
773,0.2673819810252932,0.928432479222284,3.293466777313704e-05,7.417308015049332,635.4062198225728,0.1941914621579341,-5.48,1175.525,343.06,-5.5894349521400075,0.10943495214000709,POTENCIAL MEDIO
914,0.308172486477318,0.9414361193226848,1.7428780020575972e-05,8.990208737452853,889.4210443302961,0.1572627116737747,-5.36,1657.121,395.2,-5.640700000000006,0.2807000000000057,POTENCIAL MEDIO
1127,0.1832780020092688,0.885421067022552,0.0001133001152067,4.8544463100170105,320.1112960331221,0.2368206519587334,-5.27,615.735,158.56,-5.538999999999996,0.2689999999999966,POTENCIAL MEDIO
2457,0.1844734301377797,0.8835266578748351,7.882721362645185e-05,5.298823279895489,385.146238756714,0.2540914347903436,-5.54,713.917,183.24,-5.891500000000002,0.35150000000000237,POTENCIAL MEDIO
2247,0.184726811454907,0.8813065417177207,2.1135447059740288e-05,7.260793334101534,737.4131987950036,0.2303270905137336,-5.35,1371.765,299.11,-5.598700000000005,0.2487000000000057,POTENCIAL MEDIO
2426,0.2219561112914714,0.9013994130237308,3.365932087809077e-05,6.625545066901795,589.3230163509633,0.166887531863735,-5.47,1087.415,256.72,-5.634572724680009,0.16457272468000905,POTENCIAL MEDIO
7844,0.1908676768762099,0.8802295125634979,1.9977741118322374e-05,7.310575446069687,739.381455182444,0.2048846827966062,-5.57,1357.791,316.69,-5.796217982760002,0.2262179827600015,POTENCIAL MEDIO
573,0.5858959667831141,0.9863766477660808,3.890118288707031e-05,9.743917495816556,804.0769425211304,0.0965176869746687,-5.47,1506.897,397.85,-5.57700000000001,0.10700000000000998,POTENCIAL MEDIO
7474,0.1441690463334115,0.8625687690048579,7.339360055582376e-05,5.176355753259378,461.6737585673157,0.369420933125171,-5.59,847.181,198.15,-5.680099999999993,0.09009999999999341,POTENCIAL MEDIO
842,0.2476418610999786,0.9145315521666756,1.5649215635624247e-05,8.734607950070066,781.6017701961817,0.1352900054917072,-5.34,1443.884,316.69,-5.456161846339998,0.11616184633999804,POTENCIAL MEDIO
7893,0.2000843018232654,0.901882867902973,2.85033090941218e-05,7.32699214593021,716.9583656006088,0.3243092004765209,-5.54,1344.695,297.26,-6.0116736118700045,0.47167361187000445,BAJO POTENCIAL
2213,0.1254530604554636,0.8323443171884736,1.8409937686166143e-05,7.242519474272687,786.5155110524116,0.3941843209939055,-5.4,1434.918,308.42,-5.633469615879994,0.2334696158799936,POTENCIAL MEDIO
2562,0.1874418984613984,0.8654674759783791,5.009126811850525e-05,5.659350274244915,426.8190987874397,0.182640441482012,-5.3,793.022,165.81,-5.511799999999999,0.21179999999999932,POTENCIAL MEDIO
590,0.2772074480485758,0.9324112888616726,2.1092907416680032e-05,8.216555115275842,836.5337394406204,0.2123498182741063,-5.31,1571.971,383.17,-5.470100000000001,0.16010000000000169,POTENCIAL MEDIO
7918,0.1438362158442711,0.8411094639557237,1.61492750408618e-05,7.544441031310061,764.5672626234707,0.3036375460589142,-5.49,1432.257,299.55,-5.834928757350005,0.3449287573500044,POTENCIAL MEDIO
1897,0.167109998286129,0.8806165267046969,9.674026451634248e-05,5.225366126303622,340.9810168827995,0.315680769538589,-5.59,675.744,287.24,-6.423099999999998,0.8330999999999982,BAJO POTENCIAL
1509,0.1453328691603248,0.8666397838710695,9.401568569074752e-05,5.187962024437186,451.0919975939008,0.5411566946371396,-5.38,833.088,166.49,-5.533099999999999,0.15309999999999935,POTENCIAL MEDIO
8068,0.1833884683823948,0.889154309993371,4.241369016078869e-05,6.2803206762321055,563.34193619723,0.34697165356855,-5.43,1055.332,238.26,-5.8102902306400015,0.3802902306400018,POTENCIAL MEDIO
730,0.1712094660571334,0.852439357435989,2.313841592723516e-05,6.882046533014145,599.0566787153189,0.2400393097004159,-5.52,1130.399,270.01,-5.6975683269099955,0.1775683269099959,POTENCIAL MEDIO
2157,0.1474584901815504,0.8615926715790819,2.269942122624869e-05,7.017605631396384,776.3845869666262,0.3704707265474765,-5.48,1413.896,317.57,-5.579000000000005,0.09900000000000464,POTENCIAL MEDIO
2166,0.3042397200066822,0.9400101648093572,2.4439806330611087e-05,7.913239079264051,797.7377143068456,0.1531897902498577,-5.55,1489.9,308.34,-5.720500000000003,0.1705000000000032,POTENCIAL MEDIO
1463,0.1902302209097066,0.8787784978761832,5.624390098584375e-05,5.710804377097818,416.1613668825006,0.2116582428392816,-5.58,779.98,174.7,-6.205600000000001,0.6256000000000013,BAJO POTENCIAL
1628,0.1508810289396208,0.8439833588067632,7.480574432050128e-05,5.029230641207848,373.29362542687977,0.2928926387237248,-5.53,682.907,148.23,-5.57089999999999,0.040899999999989944,POTENCIAL MEDIO
2411,0.1844269745937228,0.8844620316579735,9.117124063558567e-05,5.154658199368629,355.7120944133686,0.2664269786736392,-5.46,661.845,172.04,-5.736301897779994,0.2763018977799945,POTENCIAL MEDIO
1839,0.2230513669793032,0.9105323374368414,8.37472370690083e-05,5.359169917013028,430.7452989702758,0.257504923205582,-5.4,806.018,200.72,-5.638275406119993,0.23827540611999254,POTENCIAL MEDIO
426,0.3295254069052459,0.9484662976934524,3.555435789169212e-05,7.619479902451,711.4108180147601,0.2336439315572307,-5.54,1333.684,351.85,-5.788700000000005,0.2487000000000048,POTENCIAL MEDIO
6903,0.1489292242095176,0.857917541141378,3.973990017456778e-05,6.201319601622188,525.3553958534856,0.3578414825482598,-5.54,974.255,270.62,-5.745491009480004,0.20549100948000376,POTENCIAL MEDIO
2174,0.198780646019169,0.8921092186576081,1.837757347390097e-05,7.762005353735396,782.3854846888609,0.2087789542443116,-5.54,1464.303,324.47,-5.794900000000005,0.25490000000000457,POTENCIAL MEDIO
7943,0.2290622496367332,0.9141281306135162,2.834605421176967e-05,7.293681139944503,717.7213660703545,0.2737157130904063,-5.57,1344.151,278.88,-5.727814353560001,0.15781435356000095,POTENCIAL MEDIO
3159,0.1197844025359441,0.7968287404701057,7.270674280883726e-05,4.819240019949416,373.2936254268799,0.3495950827927737,-5.5,682.907,148.23,-5.511800000000001,0.01180000000000092,POTENCIAL MEDIO
425,0.1990908824023141,0.8883606271217601,2.3719181467041685e-05,7.259079293302806,658.6449189259856,0.2137463824853216,-5.36,1223.569,290.32,-5.6314000000000055,0.2714000000000052,POTENCIAL MEDIO
2184,0.108019753545378,0.817355610184938,2.1067878916270933e-05,6.939333176196416,750.1579410815322,0.4039868874196613,-5.48,1385.801,308.34,-5.646900000000006,0.16690000000000538,POTENCIAL MEDIO
7894,0.158971354132308,0.8758016162214661,2.5356618282112085e-05,7.294816638272156,711.1606484070736,0.3611276192999104,-5.59,1329.133,297.26,-5.823241003479996,0.23324100347999632,POTENCIAL MEDIO
401,0.4016058981705918,0.9634960994381316,2.498701313851253e-05,8.8969212061452,843.1272890969406,0.12703267092414,-5.46,1579.994,357.31,-6.010100000000005,0.5501000000000049,BAJO POTENCIAL
901,0.4604997328328831,0.9727656497398438,2.8146626594647663e-05,9.190297603685426,816.6707205175065,0.0889334211825303,-5.44,1511.96,366.1,-5.608500000000003,0.16850000000000254,POTENCIAL MEDIO
820,0.2415448348836371,0.9135862607853577,2.060811325207715e-05,7.896496879680836,746.1807934119647,0.1627108472493982,-5.37,1372.805,278.8,-5.535661846340002,0.1656618463400017,POTENCIAL MEDIO
7222,0.1449079119886468,0.8304433358099744,7.313882029831861e-05,4.874196305771774,369.7914397213133,0.2992573418469222,-5.44,698.865,139.44,-4.813999999999999,0.6260000000000012,ALTO POTENCIAL (Candidato AstraZeneca)
1231,0.0571403074021056,0.7556462189976108,9.020793726015868e-05,5.012863989016737,398.7848671062124,0.6458706233895939,-5.29,725.976,152.33,-5.364600000000003,0.07460000000000289,POTENCIAL MEDIO
759,0.1699420004720778,0.8799265179288419,5.808587081846338e-05,5.8774625217743575,449.8591180800378,0.3222174335761238,-5.43,845.052,227.1,-5.9895,0.5594999999999999,POTENCIAL MEDIO
883,0.6018905019656373,0.987385533590846,6.221628813817508e-05,8.643048777336261,730.6720733703669,0.1615435630126776,-5.28,1361.738,299.11,-5.585599999999992,0.3055999999999921,POTENCIAL MEDIO
2193,0.143334177838084,0.8459027054689263,1.855518482817383e-05,7.347725152499946,740.9830579668002,0.3137848839316466,-5.35,1371.774,308.34,-5.519000000000008,0.16900000000000848,POTENCIAL MEDIO
2272,0.1574085424176591,0.8555650498835013,1.8062929666814564e-05,7.362878389484325,759.3328241962646,0.292373183949299,-5.33,1399.828,308.34,-5.496600000000002,0.16660000000000164,POTENCIAL MEDIO
7333,0.2281459940366722,0.9142814849132688,3.762264036525124e-05,6.898949302090293,602.4950870761313,0.275930478417433,-5.37,1157.383,255.84,-5.602989353930002,0.23298935393000164,POTENCIAL MEDIO
1427,0.1086921460394341,0.8272498498945127,6.982714106538226e-05,5.278746044691726,416.4724969078957,0.5130263387726538,-5.36,790.959,167.13,-5.505600000000007,0.14560000000000706,POTENCIAL MEDIO
5147,0.1569335518034114,0.8671002860354804,6.515595664533944e-05,5.383492042490528,446.3477789483834,0.3283882687497778,-5.27,828.068,159.75,-5.8187,0.5487000000000002,POTENCIAL MEDIO
7265,0.1807087938298472,0.8842729603800801,4.706698235029352e-05,5.859960228423053,559.7191605853628,0.2717874676039111,-5.46,1020.371,235.53,-5.71644666835,0.25644666834999974,POTENCIAL MEDIO
1607,0.1303394098589694,0.8220844699527959,8.311119011730223e-05,4.816679105930291,356.4774412648334,0.305220146083812,-5.32,646.874,139.44,-5.2912,0.02880000000000038,POTENCIAL MEDIO
729,0.110119440221591,0.8128267977718401,2.9306335186089683e-05,6.403448170252733,598.4392625583066,0.4264586249528249,-5.3,1112.425,296.38,-5.5746770028100014,0.2746770028100016,POTENCIAL MEDIO
7230,0.1631844116092388,0.8481540908534281,7.029896720581714e-05,4.980703279523415,388.5507888708876,0.228783562746857,-5.44,715.937,168.54,-5.639300000000003,0.1993000000000027,POTENCIAL MEDIO
7412,0.3539046669987583,0.9541105280398584,0.0001005169072083,6.061595088892704,412.3568974811834,0.1872551901346138,-5.52,773.976,186.12,-6.978375406119997,1.4583754061199974,BAJO POTENCIAL
7042,0.1974776409262502,0.8898806046686106,3.990251609571735e-05,6.242556180816913,553.3357897607533,0.2367151327526568,-5.34,1016.336,244.25,-5.536377550819996,0.19637755081999586,POTENCIAL MEDIO
2401,0.2142202891741476,0.90159713626162,0.0001323355873031,4.769463311751454,318.7411529891974,0.2233534112829573,-5.31,565.8,127.92,-5.451099999999999,0.14109999999999978,POTENCIAL MEDIO
1833,0.0475043458059676,0.7261853927575179,6.892756182009012e-05,5.156143493969967,430.95468612063775,0.5665219161301388,-5.6,806.087,169.05,-5.705000000000008,0.10500000000000842,POTENCIAL MEDIO
852,0.2469442675261371,0.9166973780907274,1.6597622417329886e-05,8.497637975629312,817.6552032230886,0.1612801821677069,-5.41,1514.963,354.58,-5.4016000000000055,0.008399999999994634,POTENCIAL MEDIO
1976,0.1032815678738392,0.8283261653778625,4.866489244189096e-05,5.809868313289464,567.9783929061649,0.4434815142875127,-5.49,1078.329,229.39,-5.514913418440004,0.024913418440004165,POTENCIAL MEDIO
8212,0.1566539510391338,0.838749012890501,3.053790420008636e-05,6.262061439499537,539.7500225957867,0.2492066018302667,-5.518764028,1008.338,244.25,-5.647962214260004,0.12919818626000446,POTENCIAL MEDIO
2086,0.172324016281296,0.8676213043399255,1.9664697258503136e-05,7.306420311487007,726.542714768204,0.2547166932146057,-5.6,1341.748,307.9,-5.675400000000007,0.07540000000000724,POTENCIAL MEDIO
563,0.6197391631601432,0.9883709213137946,8.805459323544767e-05,8.197385539909817,630.5126101643607,0.2126832264350419,-5.36,1181.488,325.48,-5.280900000000005,0.07909999999999506,POTENCIAL MEDIO
2450,0.1816193469393051,0.8614710862076258,2.50673101756462e-05,6.666676837981623,619.5273363673243,0.1898550426787807,-5.3,1135.503,247.49,-5.432269615880004,0.13226961588000385,POTENCIAL MEDIO
2180,0.1961328411807187,0.8938122236876569,2.1292804494666308e-05,7.607442854244683,750.0060262271751,0.2458081871774975,-5.52,1385.801,317.13,-5.673399999999994,0.1533999999999942,POTENCIAL MEDIO
2144,0.1297494212359334,0.8412490514855554,2.002297148070049e-05,7.312601283569972,747.4102496924303,0.4179282797133787,-5.47,1357.832,317.13,-5.745700000000007,0.2757000000000076,POTENCIAL MEDIO
582,0.3401575405942201,0.9506806259325978,2.61875351789496e-05,8.302703134139948,810.7420651161896,0.1572954738519731,-5.48,1481.978,311.22,-5.588100000000005,0.10810000000000475,POTENCIAL MEDIO
7880,0.2185946495560009,0.9045693553094832,2.592005153075631e-05,7.179685988134266,709.5746157518005,0.2082511041451883,-5.51,1305.715,307.9,-5.767339087409997,0.25733908740999745,POTENCIAL MEDIO
1301,0.2039409393313064,0.8977859663043738,8.119031584332529e-05,5.325145671515627,414.6302062383729,0.2414946005711637,-5.27,748.023,151.91,-5.404699999999994,0.13469999999999427,POTENCIAL MEDIO
812,0.1985672751805089,0.8995164940855008,3.050957938892229e-05,6.9668961140233145,704.312504861119,0.3155303836008163,-5.48,1289.715,267.28,-5.689000000000006,0.20900000000000585,POTENCIAL MEDIO
576,0.5496431468546822,0.9831744781774884,3.2595744897035786e-05,9.80109125176338,816.9156829353707,0.0748970092556428,-5.57,1522.94,406.64,-5.7449,0.17490000000000006,POTENCIAL MEDIO
2754,0.1224723296985787,0.8128684471991949,6.232832476788822e-05,5.156566596891531,404.7957185188829,0.3471581153159572,-5.33,744.978,148.23,-5.445799999999996,0.11579999999999568,POTENCIAL MEDIO
5473,0.1674994868895198,0.8772398535189312,8.308466161723503e-05,5.036304547456002,418.5192998954727,0.3127713831830295,-5.6,785.987,177.33,-5.7312000000000065,0.13120000000000687,POTENCIAL MEDIO
728,0.2182978644293482,0.8993721348792914,2.946763200837893e-05,6.864704414474056,611.8954191295591,0.1877725939883334,-5.6,1146.442,278.8,-5.647436394050008,0.04743639405000799,POTENCIAL MEDIO
7146,0.1985960148409794,0.9007003933513545,5.01931806811912e-05,6.064940807741324,568.0415594205867,0.3542748822478068,-5.41,1084.317,253.04,-6.154760516040007,0.7447605160400066,BAJO POTENCIAL
2420,0.16954446632183,0.873810763307813,4.594305050145798e-05,5.83473433312968,537.0372824721533,0.3018524269082771,-5.55,987.298,238.26,-5.600732382240003,0.050732382240003204,POTENCIAL MEDIO
7994,0.1702932918409359,0.8693183596898211,2.011149525638978e-05,7.184902761898394,759.1001829770807,0.2647699505724197,-5.57,1399.828,319.34,-5.688082721639997,0.11808272163999689,POTENCIAL MEDIO
1248,0.1726277303004125,0.8821220772300683,7.075712780953605e-05,5.499547523424265,436.9344513478789,0.2985789023735827,-5.53,803.058,148.67,-5.6358999999999915,0.10589999999999122,POTENCIAL MEDIO
1699,0.1703287775073813,0.8495776803788609,6.803968052279327e-05,5.13476533540044,374.4297269085805,0.2083356099522922,-5.58,678.916,157.46,-5.697100000000001,0.11710000000000065,POTENCIAL MEDIO
1828,0.1410321685960509,0.8345778903208462,7.957076038519665e-05,4.840333506939865,370.8278019194478,0.3189626662131922,-5.5,683.895,177.84,-5.831501897779999,0.33150189777999906,POTENCIAL MEDIO
7461,0.1145429606452465,0.8163321146954593,7.277000920055477e-05,5.008211023975329,396.3723808123106,0.3284245126864836,-5.49,726.96,177.25,-5.606403795560003,0.1164037955600028,POTENCIAL MEDIO
7917,0.1772238951629864,0.8765680146807481,2.0166686986893567e-05,7.321192238693264,759.3328241962646,0.2590024141770712,-5.52,1399.828,308.34,-5.580299999999997,0.060299999999997134,POTENCIAL MEDIO
2153,0.1812191792909997,0.8819395617694876,2.0449476800554107e-05,7.377015341438773,774.6990900448507,0.2725171388520629,-5.42,1421.875,335.15,-5.680200000000002,0.260200000000002,POTENCIAL MEDIO
2109,0.1193384178452729,0.8241004835230961,1.848959277888909e-05,7.113865174496354,774.0288371165136,0.3359824949749548,-5.6,1449.835,308.34,-5.949800000000008,0.3498000000000081,POTENCIAL MEDIO
7086,0.144585205494108,0.8650736942240749,3.9308087422937945e-05,6.257464088552354,604.980134163544,0.4092908642695163,-5.46,1134.43,253.04,-5.567305007889997,0.1073050078899973,POTENCIAL MEDIO
694,0.1590545575750545,0.8649839039448637,2.365724502792337e-05,6.953372923946013,712.934643342594,0.3125249993668791,-5.33,1307.731,334.27,-5.457399999999998,0.12739999999999796,POTENCIAL MEDIO
356,0.2827491089449584,0.9354394738147118,2.835365887063237e-05,7.905822165568695,756.7278121709008,0.2857269003946038,-5.55,1433.761,348.52,-5.52776184634,0.022238153660000037,POTENCIAL MEDIO
948,0.1006579484353132,0.8050981273069572,0.0001248790587816,4.223292295648352,330.73438911448727,0.4747404613552411,-5.45,611.777,139.83,-5.542199999999997,0.09219999999999651,POTENCIAL MEDIO
2242,0.1969335264893422,0.8659842782718055,1.5290975520330325e-05,7.680068590615132,735.8695127372936,0.1524305935924267,-5.6,1355.775,299.11,-5.960759857860004,0.3607598578600042,POTENCIAL MEDIO
2402,0.1552118855761201,0.8694228376281496,0.0001438696237646,4.499245227444244,318.7411529891974,0.3306970705842029,-5.27,565.8,127.92,-5.420999999999996,0.15099999999999625,POTENCIAL MEDIO
1336,0.1577826984092294,0.8722055361630437,7.788605767158061e-05,5.411987657317724,386.321279755757,0.3201524660184451,-5.48,737.342,139.44,-5.514500000000006,0.03450000000000575,POTENCIAL MEDIO
2022,0.169828916904186,0.8836437794780869,2.5997102873444337e-05,7.070301950277587,774.5938076439908,0.3749576701830113,-5.52,1432.861,301.0,-5.727982721639995,0.2079827216399952,POTENCIAL MEDIO
2254,0.224296533855313,0.9134261537030745,2.698891582121572e-05,7.545923780237033,746.5041877723166,0.3010573509679615,-5.42,1407.754,308.34,-5.6190999999999995,0.1990999999999996,POTENCIAL MEDIO
1125,0.1679031495233466,0.8619114529950214,0.0001067518725734,4.690273089073928,306.9589691705833,0.2909863540195081,-5.47,581.718,158.56,-5.664800000000009,0.19480000000000963,POTENCIAL MEDIO
2416,0.2045034256838222,0.898622522440696,0.0001373935882164,4.6697442566918985,316.0313962036801,0.277488259217783,-5.41,581.755,154.22,-5.777100000000003,0.3671000000000024,POTENCIAL MEDIO
2188,0.1966702088259614,0.8834798668960271,1.8688066257416103e-05,7.582573409152462,735.8695127372931,0.1970217580888453,-5.48,1355.775,299.11,-5.642900000000008,0.1629000000000076,POTENCIAL MEDIO
634,0.4000540917347037,0.9633372877342102,2.937984047404653e-05,8.80059151671139,816.5285624027335,0.2144303226824793,-5.52,1529.934,383.68,-5.7515000000000045,0.23150000000000492,POTENCIAL MEDIO
2265,0.1994451113771981,0.8956824922452409,2.228588340792114e-05,7.309451279894884,782.6442208008789,0.2496583008794032,-5.6,1443.881,326.36,-5.719800000000004,0.11980000000000413,POTENCIAL MEDIO
815,0.2377558692787584,0.9189802910422846,2.692585488101504e-05,7.5523303680371185,778.8189879856684,0.3066156034428767,-5.37,1430.885,288.03,-5.544033921910003,0.1740339219100031,POTENCIAL MEDIO
2574,0.0773634011769226,0.7891111565639002,7.473187974605412e-05,5.110933809884764,427.1229284961536,0.5871852810103808,-5.48,793.022,148.23,-5.633600000000006,0.1536000000000053,POTENCIAL MEDIO
2495,0.0806062992916799,0.783418929410734,0.0001901353652327,3.9564807707461407,259.15291277852987,0.4378511184727995,-5.1,472.63,107.61,-5.688400000000005,0.5884000000000054,POTENCIAL MEDIO
2494,0.1228663337930003,0.8407296944036532,0.0003254097189194,3.8979432895788575,248.6264485640895,0.563080310549783,-4.3,444.62,90.54,-4.715300000000007,0.41530000000000733,ALTO POTENCIAL (Candidato AstraZeneca)
2492,0.4100047945288588,0.9651539748629038,0.00034217932474,4.675054439357223,248.6264485640895,0.1930301029254743,-5.2,444.62,90.54,-4.917999999999995,0.28200000000000536,ALTO POTENCIAL (Candidato AstraZeneca)
2491,0.2480427706822927,0.9231555965145752,0.0002916342909924,4.249180182954012,239.45156544935728,0.294031729434189,-4.7,430.593,90.54,-4.666999999999996,0.033000000000003915,ALTO POTENCIAL (Candidato AstraZeneca)
2490,0.3540154621465,0.9542396211128508,0.0003329470759094,4.449996120693809,248.6264485640895,0.2312128330141801,-4.7,444.62,90.54,-4.670199999999998,0.02980000000000249,ALTO POTENCIAL (Candidato AstraZeneca)
2489,0.2432485757385314,0.9207886493670056,0.0002839621733893,4.207223770571702,239.45156544935728,0.2589425466173961,-4.3,430.593,90.54,-4.637500000000002,0.33750000000000213,ALTO POTENCIAL (Candidato AstraZeneca)
2488,0.3806373540349338,0.959805418398366,0.0003538357849113,4.487417289337259,248.62644856408943,0.223197167397065,-4.6,444.62,90.54,-4.592200000000003,0.0077999999999969205,ALTO POTENCIAL (Candidato AstraZeneca)
2481,0.324736182090816,0.9467273590664764,0.0004013593420132,4.208322247617231,239.2996505950003,0.4169967380179953,-4.5,430.593,99.33,-4.590200000000003,0.09020000000000294,ALTO POTENCIAL (Candidato AstraZeneca)
2471,0.2755942999561046,0.9313682412885048,0.0002835610779244,4.222648679808943,239.2996505950003,0.2071870257362857,-4.6,430.593,99.33,-4.611000000000005,0.01100000000000545,ALTO POTENCIAL (Candidato AstraZeneca)
2493,0.4435578667019087,0.9705080400404258,0.0004219088409063,4.453343167137215,239.45156544935728,0.1665159257059335,-4.4,430.593,90.54,-4.509999999999997,0.10999999999999677,ALTO POTENCIAL (Candidato AstraZeneca)
2479,0.1952037595683669,0.8831176090959548,0.0001853627106121,4.281208364894283,239.2996505950003,0.1719130232066028,-4.5,430.593,99.33,-4.6072,0.10719999999999974,ALTO POTENCIAL (Candidato AstraZeneca)
2468,0.3511243029695226,0.9536127090689438,0.0004884966882369,3.992141615163767,211.7750012508036,0.2635902067561305,-4.9,388.512,99.33,-4.927899999999998,0.027899999999998037,ALTO POTENCIAL (Candidato AstraZeneca)
2469,0.3251020672408876,0.9473761618453044,0.0004490702220841,3.9934001026734673,220.9498843655358,0.2629760854467596,-4.7,402.539,99.33,-4.9198999999999975,0.21989999999999732,ALTO POTENCIAL (Candidato AstraZeneca)
2470,0.4665286193884007,0.9737540733041994,0.0004932948642159,4.429095697131099,230.12476748026805,0.191445491987726,-4.6,416.566,99.33,-4.744300000000005,0.14430000000000565,ALTO POTENCIAL (Candidato AstraZeneca)
2472,0.46057788333266,0.9729620364087104,0.0003855396303155,4.708663661908793,248.4745337097325,0.1671723516423185,-4.6,444.62,99.33,-4.719000000000002,0.11900000000000244,ALTO POTENCIAL (Candidato AstraZeneca)
2473,0.2208339657701916,0.9074788581835376,0.0002035209696147,4.422308410216676,257.6494168244647,0.2202472745259395,-4.7,458.647,99.33,-4.672899999999999,0.02710000000000079,ALTO POTENCIAL (Candidato AstraZeneca)
2474,0.1754060691851786,0.8833123090048332,0.0001813934258545,4.461540998276322,266.82429993919715,0.3572278439362399,-4.5,472.674,99.33,-4.6171000000000015,0.11710000000000154,ALTO POTENCIAL (Candidato AstraZeneca)
2475,0.0880277076304121,0.7758233806354173,0.0001359501830784,4.371896222614302,275.9991830539296,0.3522464613582226,-4.5,486.701,99.33,-4.747900000000001,0.24790000000000134,ALTO POTENCIAL (Candidato AstraZeneca)
2476,0.193827398899449,0.8938685243552806,0.0002334630645075,4.169641139434615,239.2996505950003,0.289793055936246,-4.5,430.593,99.33,-4.544199999999998,0.04419999999999824,ALTO POTENCIAL (Candidato AstraZeneca)
2477,0.1472278743926494,0.8598589067822571,0.0002191380922835,4.048858826952387,239.2996505950003,0.3118115816271444,-4.2,430.593,99.33,-4.551099999999995,0.3510999999999944,ALTO POTENCIAL (Candidato AstraZeneca)
2478,0.2322013490330524,0.9140062919462064,0.0002655311657371,4.11635028718071,239.2996505950003,0.2491651953303459,-4.5,430.593,99.33,-4.693000000000001,0.1930000000000014,ALTO POTENCIAL (Candidato AstraZeneca)
2480,0.3173429383207797,0.945357148029502,0.0003412555624669,4.277287028996949,239.29965059500023,0.218728546651585,-4.5,430.593,99.33,-4.709200000000004,0.2092000000000036,ALTO POTENCIAL (Candidato AstraZeneca)
2482,0.1841731983225767,0.8931357658401121,0.0002673927300033,4.148296825598218,239.2996505950003,0.3522114704977911,-4.7,430.593,99.33,-4.654099999999994,0.045900000000005825,ALTO POTENCIAL (Candidato AstraZeneca)
2483,0.3994596921866319,0.9633097867618724,0.0003618259094108,4.5704538423955965,239.2996505950003,0.1897870661722826,-4.4,430.593,99.33,-4.533999999999994,0.13399999999999324,ALTO POTENCIAL (Candidato AstraZeneca)
2484,0.4349773235618246,0.9692446254472916,0.0004105432761768,4.535560161125043,239.2996505950003,0.1969383538960543,-4.9,430.593,99.33,-4.735999999999993,0.1640000000000077,ALTO POTENCIAL (Candidato AstraZeneca)
2485,0.3287647786889907,0.9482097644316034,0.0003675508747809,4.32214639214567,239.2996505950003,0.3540103471293896,-4.8,430.593,99.33,-4.742200000000005,0.057799999999994967,ALTO POTENCIAL (Candidato AstraZeneca)
2486,0.3508300068228128,0.9525906954926548,0.0003039100501279,4.465626292329429,239.2996505950003,0.1221815580570767,-4.8,430.593,99.33,-4.619400000000002,0.18059999999999743,ALTO POTENCIAL (Candidato AstraZeneca)
2487,0.3676411348487853,0.9564102703508628,0.0003140998712209,4.498810987978943,239.2996505950003,0.1260148098734726,-4.9,430.593,99.33,-4.632599999999997,0.26740000000000297,ALTO POTENCIAL (Candidato AstraZeneca)
998,0.1765274964719433,0.8784393022857978,7.712198730743395e-05,5.098371870967541,411.9748123453371,0.2871497453777003,-4.76,778.033,161.12,-5.132799999999996,0.37279999999999625,POTENCIAL MEDIO
994,0.1111117654401176,0.836613711997066,9.55786114205255e-05,4.904432769757112,402.64801437624766,0.5370301455873512,-5.21,764.006,169.91,-5.431600948889996,0.22160094888999637,POTENCIAL MEDIO
992,0.1544201770520681,0.8733016681458466,0.0001131302036743,4.719294579047012,375.275279886408,0.3889830803123535,-5.04,721.925,161.12,-5.3605000000000045,0.32050000000000445,POTENCIAL MEDIO
991,0.2114900571601997,0.905492614072128,9.372966680428404e-05,5.277037248195592,384.45016300114025,0.276252026646216,-4.96,735.952,161.12,-5.8337999999999965,0.8737999999999966,POTENCIAL MEDIO
983,0.1721662260896703,0.8832861766356432,0.0001028437285285,4.88758163508573,375.123365032051,0.363726317690416,-5.25,721.925,169.91,-5.323999999999997,0.07399999999999718,POTENCIAL MEDIO
1028,0.1791813008281251,0.8876586811788578,8.652394408987522e-05,5.243391952972904,415.0259767504893,0.3031117353985953,-4.3,755.014,159.67,-4.699200000000004,0.399200000000004,ALTO POTENCIAL (Candidato AstraZeneca)
8111,0.1722324639970269,0.8839357165327976,7.251956041163177e-05,5.506934527149299,441.7309572165209,0.3534780659063985,-5.15,819.061,229.72,-5.771999999999994,0.6219999999999937,POTENCIAL MEDIO
2503,0.2081880330495011,0.9054396338849956,0.0002407652386036,4.221872007145471,267.2800445022681,0.3186957845599089,-4.5,472.674,72.96,-4.6720000000000015,0.17200000000000149,ALTO POTENCIAL (Candidato AstraZeneca)
2505,0.2478447527311133,0.92074371421222,0.0002394022547731,4.351441160852774,248.77836341844647,0.2587249516692678,-4.5,444.62,81.75,-4.627199999999999,0.1271999999999993,ALTO POTENCIAL (Candidato AstraZeneca)
2504,0.3473327134053112,0.9525055746927662,0.0003052529567367,4.444090518704768,257.9532465331787,0.2052464683444405,-4.6,458.647,81.75,-4.646099999999997,0.046099999999997365,ALTO POTENCIAL (Candidato AstraZeneca)
2502,0.1593924591171182,0.8643394709800507,0.0001871628902632,4.153309067937374,257.9532465331787,0.3072716018832799,-4.5,458.647,81.75,-4.7719,0.2718999999999996,ALTO POTENCIAL (Candidato AstraZeneca)
2501,0.394561325594627,0.9623942099542748,0.0003445271405929,4.491813651739017,257.9532465331787,0.1815846581831251,-4.6,458.647,81.75,-4.565599999999999,0.03440000000000065,ALTO POTENCIAL (Candidato AstraZeneca)
2500,0.3380681888885342,0.9498892455969016,0.0002797929603213,4.496534818078191,257.9532465331787,0.1690687683640278,-4.4,458.647,81.75,-4.581499999999994,0.18149999999999356,ALTO POTENCIAL (Candidato AstraZeneca)
2499,0.3507752316066019,0.9529678997228584,0.0003102284312338,4.418075130865613,248.6264485640895,0.1619106170524732,-4.6,444.62,90.54,-4.640200000000005,0.04020000000000579,ALTO POTENCIAL (Candidato AstraZeneca)
2498,0.1281547311376368,0.8534619030302654,0.0002786337044064,3.9673189834620457,248.6264485640895,0.500680142127456,-4.7,444.62,90.54,-4.800999999999997,0.10099999999999643,ALTO POTENCIAL (Candidato AstraZeneca)
2497,0.2476902696226872,0.9224152585856232,0.0003467380760475,4.109413946855351,248.62644856408943,0.4775002389955633,-4.6,444.62,90.54,-4.777100000000006,0.17710000000000647,ALTO POTENCIAL (Candidato AstraZeneca)
2496,0.3327244163640505,0.9493202969048522,0.0003633399124053,4.201747580058193,248.62644856408943,0.2492109291480636,-4.6,444.62,90.54,-4.638300000000006,0.03830000000000666,ALTO POTENCIAL (Candidato AstraZeneca)
7262,0.18309045835647,0.8832413915822074,5.091309187786129e-05,5.810261467274101,496.6189779295453,0.2729558124024802,-5.17,925.185,197.64,-5.3913103941500005,0.22131039415000053,POTENCIAL MEDIO
7241,0.0957753269367624,0.8047290645102286,6.161025893846179e-05,5.09445739681853,492.47986258779775,0.4757712614236035,-5.23,887.221,197.64,-5.269100000000004,0.03910000000000391,POTENCIAL MEDIO
7453,0.2141584821102331,0.9087141970602686,0.0001059880170569,5.217130426872186,393.2428409903825,0.3348506400327592,-4.97,729.001,168.97,-5.2274000000000065,0.25740000000000673,POTENCIAL MEDIO
7234,0.1981837118611661,0.8976206430064142,7.127187166118402e-05,5.5399778536249,455.4765004201546,0.2733693142971409,-5.16,831.113,215.22,-5.698400000000003,0.5384000000000029,POTENCIAL MEDIO
7235,0.2187104488915915,0.90905628642465,8.662433237462872e-05,5.256730591410253,446.3016173054223,0.2516702132331641,-5.13,817.086,215.22,-6.5787,1.4487000000000005,BAJO POTENCIAL
7238,0.0928461995309997,0.8031211980548766,5.674882439851624e-05,5.382050315001562,474.1398530979176,0.4421289488430796,-5.24,877.141,206.43,-5.6913000000000045,0.45130000000000425,POTENCIAL MEDIO
7458,0.1315585469786007,0.8427722175358027,7.767726804371927e-05,5.068050221465194,393.2428409903825,0.346957808351876,-5.14,729.001,168.97,-5.305899999999995,0.16589999999999527,POTENCIAL MEDIO
7457,0.1569737038303965,0.8656592732069245,7.747416613381475e-05,5.21044860850524,393.2428409903825,0.3042999181889901,-5.13,729.001,168.97,-5.279799999999997,0.14979999999999727,POTENCIAL MEDIO
8454,0.3014422259474725,0.9408530783592832,0.0003430399375788,4.176313362982724,251.91507854472624,0.2781279463517708,-4.78,468.598,94.89,-4.936599999999993,0.15659999999999297,ALTO POTENCIAL (Candidato AstraZeneca)
8455,0.1653953384575936,0.8819206772441338,0.0002607806800235,3.995126892683617,251.91507854472624,0.3966690876103594,-4.86,468.598,94.89,-5.239200000000007,0.3792000000000071,POTENCIAL MEDIO
8456,0.2615803346417311,0.9268003178910716,0.0002570685499882,4.219650674908404,251.91507854472624,0.2193692275697782,-5.22,468.598,94.89,-5.087400000000009,0.13259999999999117,POTENCIAL MEDIO
1216,0.1422558335285132,0.8348200368624175,7.768687048409911e-05,4.940380976190368,364.2706571665045,0.3173523483926759,-4.98,668.88,139.44,-4.992700000000005,0.012700000000004152,ALTO POTENCIAL (Candidato AstraZeneca)
7400,0.1349766197359824,0.8432217045466784,9.334947698599664e-05,4.79395566509126,369.01235197035953,0.3547364460063158,-5.1,662.917,165.81,-5.244100948890005,0.14410094889000558,POTENCIAL MEDIO
8451,0.2141386717145018,0.9070384221876502,0.0002684201454406,3.9955159817287536,242.58828057563704,0.2866067470670723,-4.92,454.571,103.68,-5.181100000000003,0.26110000000000344,POTENCIAL MEDIO
8450,0.1221637540124457,0.8426070507267487,0.0002829772574591,4.080237659221724,242.58828057563704,0.6066908695135349,-5.14,454.571,103.68,-5.442800000000003,0.30280000000000307,POTENCIAL MEDIO
8449,0.3952930565880869,0.9625760934904978,0.000357676516295,4.522744499794715,242.58828057563704,0.2563327756653361,-4.62,454.571,103.68,-5.047400000000002,0.4274000000000022,POTENCIAL MEDIO
7321,0.1829928008003737,0.8784798888370984,3.234803826362751e-05,6.56441970907201,588.2708090066819,0.2451644100390318,-5.24,1069.444,238.26,-5.5981752944900025,0.3581752944900023,POTENCIAL MEDIO
7306,0.262902922915623,0.9276645724406958,5.277204920860308e-05,6.266804748425904,582.7597831914575,0.2441469899589434,-5.2,1057.433,247.05,-5.281774631939997,0.08177463193999657,POTENCIAL MEDIO
979,0.1396635256171108,0.8528527367802096,6.961910778710936e-05,5.253863835939891,444.24852142909225,0.3703784078224932,-5.0,789.116,159.67,-5.729199999999997,0.729199999999997,POTENCIAL MEDIO
977,0.15317643448856,0.8541353579614094,6.052096031972089e-05,5.393223798487229,444.24852142909225,0.2936804477811595,-4.96,789.116,159.67,-5.310699999999994,0.35069999999999446,POTENCIAL MEDIO
975,0.1591155970361513,0.8500435787221813,5.991785546364052e-05,5.219063012997173,443.45408635720304,0.2563245123121358,-5.15,793.104,179.9,-5.340785094929998,0.19078509492999807,POTENCIAL MEDIO
969,0.1499498854631825,0.8669858048616339,7.900812894614369e-05,5.176039525062979,443.45408635720304,0.3904504436131402,-5.15,793.104,179.9,-5.285999999999994,0.1359999999999939,POTENCIAL MEDIO
967,0.1548707724843158,0.8699702162567802,7.587768074408791e-05,5.268490691591502,443.45408635720304,0.3533777384152877,-5.1,793.104,179.9,-5.659599999999996,0.5595999999999961,POTENCIAL MEDIO
971,0.1694028863453882,0.8518780658371364,5.190137499762634e-05,5.498625491628437,443.45408635720304,0.2341401915488385,-4.7,793.104,179.9,-5.098499999999994,0.3984999999999941,POTENCIAL MEDIO
5643,0.1393583688188794,0.8393341965840672,5.646915881618645e-05,5.381116912458057,441.47139359549374,0.3596354501409594,-4.3,816.123,177.33,-4.845000000000006,0.5450000000000061,ALTO POTENCIAL (Candidato AstraZeneca)
5644,0.1590426060467706,0.8661444568535775,7.02328294654004e-05,5.1898723160746245,432.1445956264044,0.3107043715750127,-4.3,802.096,186.12,-4.861100000000005,0.561100000000005,ALTO POTENCIAL (Candidato AstraZeneca)
5646,0.0944582335502957,0.7916195758802405,6.185505562462623e-05,5.143145493626045,432.1445956264045,0.4337661900798154,-4.6,802.096,186.12,-4.926600000000007,0.3266000000000071,ALTO POTENCIAL (Candidato AstraZeneca)
5660,0.1277350644634994,0.8492337928570632,7.4609697224669e-05,5.249662737060519,428.6326531812536,0.4237891088281637,-4.5,800.08,168.54,-5.712500000000003,1.212500000000003,POTENCIAL MEDIO
5663,0.1168613014186268,0.8289956684477149,4.7072304333673984e-05,5.790505863405925,492.0464222853696,0.416088573039309,-4.0,913.24,197.64,-5.284761719000001,1.2847617190000014,POTENCIAL MEDIO
5664,0.1461119090422915,0.8360011579049724,3.810551692831199e-05,5.888871831081643,505.1987491479081,0.3090066478956799,-4.4,947.257,197.64,-4.816730718149996,0.41673071814999574,ALTO POTENCIAL (Candidato AstraZeneca)
1859,0.1623147259002434,0.8615046262879601,4.4884079804575504e-05,5.857761047439865,461.7528815196782,0.266243017024411,-5.21,914.089,179.14,-5.434099999999998,0.2240999999999982,POTENCIAL MEDIO
1858,0.1271192321498049,0.8507360346473761,6.693532057069692e-05,5.44538603882277,443.4870094276325,0.5305023843309694,-5.08,864.073,169.91,-5.657100000000002,0.5771000000000015,POTENCIAL MEDIO
1856,0.1479990626125877,0.8689792547364158,5.5217082999126327e-05,6.053484621582338,450.2250180781974,0.5141594496558982,-5.12,902.053,169.91,-6.017072455870005,0.8970724558700045,BAJO POTENCIAL
1854,0.214878745272625,0.8960242665094336,5.120247490528005e-05,5.965411697801312,441.9433233699222,0.1586643371170343,-5.18,848.083,169.91,-5.392648621610004,0.21264862161000408,POTENCIAL MEDIO
1044,0.2508257144162041,0.9216699384028576,0.0001000141914119,5.230031499912676,411.2811742218666,0.2061679222519654,-5.04,735.024,148.67,-5.198500000000006,0.1585000000000063,POTENCIAL MEDIO
1043,0.1257437247031604,0.7990928062890663,6.114939030689385e-05,5.018540711940334,405.4553231236407,0.3450835655849902,-5.09,733.996,151.91,-5.301999999999993,0.21199999999999353,POTENCIAL MEDIO
1041,0.2155238726258152,0.9073828662077784,0.0001037853022513,5.064544420218489,398.7848671062124,0.3026394210248919,-4.74,725.976,152.33,-5.022200000000003,0.2822000000000031,POTENCIAL MEDIO
1037,0.1879881435045537,0.8694736201237583,6.664087299827004e-05,5.210799025077466,396.67621052102464,0.1994039218649623,-5.14,726.96,159.67,-5.171899999999993,0.031899999999993156,POTENCIAL MEDIO
1035,0.1560048458900311,0.8612742263048856,7.35495852123867e-05,5.186156337707301,405.8510936357569,0.3352432149322152,-5.2,740.987,159.67,-5.520099999999994,0.32009999999999383,POTENCIAL MEDIO
1033,0.2513741981748041,0.924468113424135,0.000115328516318,5.18217536632406,405.85109363575697,0.3149566050124651,-5.13,740.987,159.67,-5.5784,0.44840000000000035,POTENCIAL MEDIO
5836,0.1878744712052248,0.8911830999407234,4.741342860731673e-05,5.995030818866372,562.6625877298426,0.3197287602504632,-5.06,1030.363,235.46,-5.295010394149997,0.23501039414999703,POTENCIAL MEDIO
1865,0.2220015189153551,0.9055050433876792,5.1471088485766656e-05,5.938066269604721,524.1114081466847,0.2159030109943319,-4.72,953.28,182.71,-5.39045553702,0.6704555370200005,POTENCIAL MEDIO
2305,0.1478218292282603,0.8420798032111065,0.0001049261953986,4.511223185310679,332.7685640745014,0.2710380896460109,-4.85,606.809,139.44,-5.005300000000007,0.15530000000000754,POTENCIAL MEDIO
1868,0.0561249330994756,0.7533762273893403,6.115044477528531e-05,5.359003106237774,524.1114081466847,0.6617962297689658,-5.1,953.28,182.71,-5.627500000000007,0.527500000000007,POTENCIAL MEDIO
1870,0.2072218170942165,0.8990002136741754,4.925932510387408e-05,6.043020360068989,524.1114081466844,0.2198305477944373,-5.22,953.28,182.71,-5.364486087140009,0.14448608714000954,POTENCIAL MEDIO
1871,0.2200701269603927,0.906942482524926,5.385974923714231e-05,5.945966193887648,524.1114081466844,0.2511213219043599,-4.96,953.28,182.71,-5.254627768509997,0.29462776850999717,POTENCIAL MEDIO
1872,0.1129531388401496,0.8362154419743016,5.432413953778257e-05,5.650530101060571,524.1114081466845,0.4570127814108458,-4.72,953.28,182.71,-5.083183087950008,0.3631830879500084,POTENCIAL MEDIO
1873,0.1740201838585075,0.8545043298544758,3.850331834554168e-05,5.815601315497142,524.1114081466847,0.2406348491866159,-4.62,953.28,182.71,-5.365056980840002,0.745056980840002,POTENCIAL MEDIO
2329,0.1802185733075214,0.8768585739879393,6.402431897149609e-05,5.427187961906249,428.1783036130277,0.2561418262673525,-5.16,789.031,159.67,-5.469099999999997,0.30909999999999727,POTENCIAL MEDIO
2327,0.2484216189532084,0.9140951802155146,8.39553617722253e-05,5.278234677408621,396.67621052102464,0.1332276443210341,-4.79,726.96,159.67,-5.071100000000004,0.2811000000000039,POTENCIAL MEDIO
2326,0.1126385875318919,0.8242954201822958,8.100779061299772e-05,4.981476150692528,387.5013274062924,0.3718737800270585,-5.19,712.933,159.67,-5.4187,0.2286999999999999,POTENCIAL MEDIO
2325,0.2547945959227556,0.9240775299211768,0.000113161649622,5.096089161235505,387.5013274062924,0.2341621213245439,-4.92,712.933,159.67,-6.032026174369999,1.1120261743699995,BAJO POTENCIAL
2324,0.2507212972465797,0.9212331908987844,0.0001106429571126,5.065679326407754,378.3264442915601,0.1909318978643172,-4.78,698.906,159.67,-5.253999999999992,0.4739999999999913,POTENCIAL MEDIO
2361,0.1916000187850282,0.8956876212113184,0.0001119583848157,4.909830452469061,382.6204233959691,0.3468785195814947,-4.6,696.934,139.44,-4.605900000000003,0.005900000000003125,ALTO POTENCIAL (Candidato AstraZeneca)
2362,0.2559333784169501,0.9209397565841616,0.000102291839324,5.130214113815358,382.6204233959691,0.164613409283099,-4.59,696.934,139.44,-5.006799999999996,0.41679999999999584,POTENCIAL MEDIO
2363,0.1648097646655321,0.8720099640126551,8.24518858502342e-05,5.10963615830532,404.78596177929865,0.2805279567824602,-4.9,727.004,139.44,-5.109499999999994,0.20949999999999402,POTENCIAL MEDIO
2365,0.185650316432734,0.8874421452444687,9.781404331900624e-05,4.988822573241879,377.2613124351017,0.2906824452004229,-4.64,684.923,139.44,-4.666499999999996,0.02649999999999597,ALTO POTENCIAL (Candidato AstraZeneca)
2340,0.0471101064023085,0.6976255449282152,6.876960822729342e-05,5.0526968780576365,405.87355602323015,0.6091250980480855,-5.02,736.999,165.81,-5.7204,0.7004000000000001,POTENCIAL MEDIO
2338,0.1715812652916797,0.862017721646551,7.629055574452272e-05,5.018598590509612,382.1646788328981,0.2390720704922457,-5.06,696.934,165.81,-5.279400000000002,0.21940000000000204,POTENCIAL MEDIO
2337,0.0723760751271063,0.7679767602459656,8.919973353805087e-05,4.815739374877139,363.8149126034336,0.6007830371004503,-5.12,668.88,165.81,-5.298800000000003,0.1788000000000025,POTENCIAL MEDIO
6187,0.2573496196710721,0.9268128346627516,5.660886209916441e-05,6.3748274131757325,562.6625877298425,0.3136256882188806,-5.01,1030.363,235.46,-5.341839737219996,0.3318397372199966,POTENCIAL MEDIO
2366,0.2020615283124092,0.9003341579312967,0.0001109017886086,4.868852485634547,387.97953435683655,0.3261769812222562,-4.57,708.945,139.44,-4.608999999999996,0.03899999999999615,ALTO POTENCIAL (Candidato AstraZeneca)
2364,0.2296362767610237,0.9155592167625208,0.0001427476391404,4.802276131131573,355.0957740517723,0.338606420537819,-4.57,654.853,139.44,-4.830900000000001,0.26090000000000035,ALTO POTENCIAL (Candidato AstraZeneca)
6496,0.294090861917672,0.938767778432385,6.027426123086545e-05,6.459525919526125,544.0089917916641,0.2400488728420886,-5.06,1002.309,253.04,-5.850137556280003,0.790137556280003,POTENCIAL MEDIO
8342,0.2102715198290869,0.8994253546728783,4.479293281672736e-05,6.14710383258759,534.3909116349193,0.2122094532640297,-4.994304357,996.327,244.25,-5.256690642439995,0.2623862854399954,POTENCIAL MEDIO
8344,0.1716281420581491,0.884801294398835,5.382057089048723e-05,5.903908783098243,534.3909116349193,0.3546190550868069,-5.241517699,996.327,244.25,-6.042987917369999,0.8014702183699987,BAJO POTENCIAL
2314,0.1982141434155578,0.901100649305526,0.0001111461020472,5.11076463808472,402.3518568384948,0.3723932198690282,-4.9,717.009,139.44,-5.129699999999993,0.22969999999999224,POTENCIAL MEDIO
2313,0.2100583166096764,0.9055478074902492,0.0001073342115367,5.076094382256624,391.7953065107014,0.3015664784207952,-4.51,710.961,139.44,-4.789199999999995,0.279199999999995,ALTO POTENCIAL (Candidato AstraZeneca)
2315,0.156614616104772,0.8517775198245277,7.178892274544751e-05,5.010231992562321,410.145072740166,0.2557043596090698,-4.71,739.015,139.44,-4.887799999999995,0.17779999999999507,ALTO POTENCIAL (Candidato AstraZeneca)
2312,0.1544384082857654,0.8546735736828971,8.248829416573782e-05,4.908199148759297,382.6204233959691,0.2990299819877468,-4.64,696.934,139.44,-4.673099999999993,0.033099999999993024,ALTO POTENCIAL (Candidato AstraZeneca)
2311,0.1245087432845197,0.846346562390056,0.0001064849244991,4.701477980729842,382.6204233959692,0.3847532598192474,-4.52,696.934,139.44,-4.830299999999995,0.31029999999999536,ALTO POTENCIAL (Candidato AstraZeneca)
2310,0.1455812181714149,0.8624615486065245,0.0001070990874192,4.726931064227888,373.4455402812369,0.4169158260226314,-4.49,682.907,139.44,-4.655700000000002,0.16570000000000196,ALTO POTENCIAL (Candidato AstraZeneca)
2309,0.0686683360039521,0.7650043153987495,0.0001029951090495,4.5517123594173245,369.4680965334306,0.6040867653528755,-4.6,662.917,139.44,-4.893100000000005,0.29310000000000525,ALTO POTENCIAL (Candidato AstraZeneca)
2308,0.1831596175099397,0.8859318944705552,0.0001052558091814,4.8561522998687465,364.2706571665046,0.3053600134604531,-4.62,668.88,139.44,-4.672600000000003,0.052600000000002645,ALTO POTENCIAL (Candidato AstraZeneca)
2307,0.1842037289091631,0.8690528199379685,8.760966203279669e-05,4.8257402785392935,355.09577405177225,0.2026536779508888,-4.73,654.853,139.44,-4.785600000000003,0.05560000000000276,ALTO POTENCIAL (Candidato AstraZeneca)
8152,0.2460468736143366,0.9182473866629108,4.890004689622481e-05,6.248481792343497,534.3909116349193,0.189824737444621,-5.105008098,996.327,244.25,-5.414452144639995,0.30944404663999503,POTENCIAL MEDIO
2306,0.1687837938387371,0.8630937194844949,0.0001032735502566,4.630250778588253,341.9434471892337,0.2230307531822001,-4.75,620.836,139.44,-4.9666000000000015,0.21660000000000146,ALTO POTENCIAL (Candidato AstraZeneca)
8160,0.194419335785779,0.8771661774045185,3.119514881270342e-05,6.6471070864317605,534.3909116349193,0.1670252920304529,-5.167474653,996.327,244.25,-5.48838358062,0.3209089276199997,POTENCIAL MEDIO
6571,0.2377345358736708,0.9177725669805128,5.561129641823544e-05,6.036711852236291,553.3357897607533,0.2586488539074887,-5.1,1016.336,244.25,-5.322561478940005,0.22256147894000566,POTENCIAL MEDIO
1724,0.2443920488785339,0.9181005034404218,7.876443219213006e-05,5.696174832887114,403.5657357767177,0.2227784651293876,-5.17,752.954,157.9,-5.365185259290002,0.1951852592900023,POTENCIAL MEDIO
946,0.1800945667341232,0.8355690512590711,7.896204878822855e-05,4.596585938457234,349.08415534395186,0.1873503718903188,-4.73,639.831,139.83,-4.880100000000005,0.15010000000000456,ALTO POTENCIAL (Candidato AstraZeneca)
957,0.1584922183810888,0.8694636738828501,7.288346650921455e-05,5.355696122597791,381.0958155356836,0.3806392141580922,-4.73,762.959,185.36,-5.193700000000002,0.463700000000002,POTENCIAL MEDIO
468,0.2761197175224983,0.9323450325247165,2.517574140473024e-05,7.930292385146961,756.5758973165438,0.2075624071475708,-5.0,1433.761,357.31,-5.178299999999999,0.17829999999999924,POTENCIAL MEDIO
8462,0.3256720048715348,0.9472413646314244,0.0001002610978763,5.729408313222097,416.35822681943984,0.1944443941946224,-5.168770306,797.954,208.95,-5.773362183600002,0.6045918776000025,POTENCIAL MEDIO
2291,0.2836290891115087,0.9336306282083382,0.0001183296574116,5.30475335114332,333.0296974446577,0.1553873422105394,-5.22,653.737,246.28,-5.908800000000011,0.6888000000000112,POTENCIAL MEDIO
2414,0.159630997089279,0.855632862063485,7.346953876172616e-05,5.090358818565461,376.88732337663606,0.233230465287,-5.09,710.87,200.83,-5.562699999999995,0.47269999999999524,POTENCIAL MEDIO
6495,0.2736319176316373,0.9318197921585472,6.911470270442529e-05,6.28226175830433,544.0089917916641,0.3871637361487747,-5.13,1002.309,253.04,-5.390362223539998,0.26036222353999783,POTENCIAL MEDIO
2284,0.1870513042081397,0.874739622584837,4.562124908537948e-05,5.972653179485466,465.6304878338461,0.2153478842294479,-4.87,856.115,191.96,-5.943304313200002,1.0733043132000022,POTENCIAL MEDIO
1126,0.0999944355716137,0.8141027434748086,8.30363451211763e-05,5.03879232651551,375.1605947215158,0.4672462015014173,-4.89,699.897,158.56,-5.243399999999993,0.3533999999999935,POTENCIAL MEDIO
766,0.1896093764151553,0.8927637793787838,4.023012547667408e-05,6.504028931789519,559.0226302241538,0.2529462200530044,-4.22,1048.765,247.41,-5.206158283680008,0.986158283680008,POTENCIAL MEDIO
8247,0.2167972279549527,0.8936346731674817,3.733089970460539e-05,6.303940796407984,534.3909116349192,0.1550408906017417,-5.213064627,996.327,244.25,-5.744819971209998,0.5317553442099987,POTENCIAL MEDIO
835,0.1665722852877497,0.8409105728730232,1.84952570105995e-05,7.052887843279626,692.2681995187681,0.2040504551633033,-5.08,1269.684,238.26,-5.464816631829998,0.3848166318299979,POTENCIAL MEDIO
884,0.4834043181827521,0.9746604552288116,6.246131091170236e-05,7.814076228042202,690.7593482196804,0.3274962933217915,-4.57,1259.687,325.48,-4.856099999999995,0.2860999999999949,ALTO POTENCIAL (Candidato AstraZeneca)
972,0.1457303887511396,0.8659648645827848,8.194380307766277e-05,5.188075784296189,443.45408635720304,0.394325087436219,-5.22,793.104,179.9,-5.279999999999996,0.059999999999996056,POTENCIAL MEDIO
8441,0.3541476095512459,0.9540558129853544,0.0003664364591306,4.375723010789518,244.46613886498065,0.3366003155146395,-5.11,453.587,106.33,-5.309200000000007,0.19920000000000648,POTENCIAL MEDIO
5656,0.1850984060239854,0.8728657332741391,6.056666328379402e-05,5.338523131631008,428.6326531812536,0.2229183960321062,-4.5,800.08,168.54,-4.9694,0.46940000000000026,ALTO POTENCIAL (Candidato AstraZeneca)
7416,0.1335488864659145,0.849057642755882,6.670063607651498e-05,5.455660649487616,424.9464916211029,0.3861997042090632,-5.05,772.045,186.12,-6.093899999999998,1.043899999999998,BAJO POTENCIAL
951,0.1460263344094818,0.8539741371615012,5.7409305221020006e-05,5.334903531059041,481.3618144855376,0.2992089516438421,-4.08,892.155,177.33,-4.654899999999999,0.5748999999999986,ALTO POTENCIAL (Candidato AstraZeneca)
692,0.2733973807477038,0.9320140437983728,9.650533434024888e-05,5.44465167932811,446.1272400635922,0.2410140804603878,-4.8,821.074,217.87,-5.494185764380003,0.6941857643800029,POTENCIAL MEDIO
954,0.0989645862193277,0.803416657056703,0.000113985121845,4.400292817365329,322.9903998753026,0.4081075825076172,-5.19,618.728,171.65,-5.6889028466700005,0.49890284667000007,POTENCIAL MEDIO
924,0.2029041984903445,0.8915511471672687,1.910754850157561e-05,7.427040083359604,800.3883616664518,0.2143904798679724,-5.05,1481.374,328.21,-5.3469000000000015,0.2969000000000017,POTENCIAL MEDIO
7800,0.1737210504864515,0.8663659004975125,2.3939943486398108e-05,6.915240010759674,668.1647134370726,0.2502481642458324,-5.25,1204.651,278.8,-5.531681058260001,0.2816810582600011,POTENCIAL MEDIO
772,0.228659106402061,0.9082995742800414,2.3362872217811093e-05,7.633460581466397,666.0151245081184,0.2153523924140694,-4.82,1277.539,343.06,-6.194256882679998,1.3742568826799975,BAJO POTENCIAL
7209,0.118812580213067,0.8404578068387827,4.808128941161778e-05,5.7433459244411456,563.0185930093475,0.4680551353277873,-4.8,1019.384,238.26,-5.098425654550004,0.29842565455000436,POTENCIAL MEDIO
2762,0.2214093176785182,0.9104981550011788,9.390136284983788e-05,5.298901484778298,399.7501940063138,0.2678510057965335,-5.18,750.941,139.44,-5.326400000000002,0.14640000000000253,POTENCIAL MEDIO
2075,0.1454592902388921,0.8648993456672447,2.236140742327958e-05,7.290630851291986,786.8574735404613,0.4004393632072747,-4.85,1441.909,308.34,-5.954800704400002,1.1048007044000023,POTENCIAL MEDIO
2375,0.1833587915212483,0.8918922594515023,7.079860927025554e-05,5.573210936835102,462.68575615988567,0.3298963613621828,-5.11,868.089,188.77,-5.552010394150006,0.44201039415000576,POTENCIAL MEDIO
784,0.2752629565133972,0.9296385369224512,5.294200749964623e-05,6.335631456166298,512.136785702453,0.1770583371540331,-4.52,962.203,246.97,-5.81212316699,1.2921231669900006,POTENCIAL MEDIO
7218,0.265590427481376,0.92850208127284,0.0001105101335798,5.165723904132151,401.1318612193752,0.2388131558215532,-4.92,742.962,139.44,-5.096100000000005,0.17610000000000525,POTENCIAL MEDIO
925,0.2894954266265155,0.9368834500243932,4.1456588435341487e-05,6.804248993279368,672.4782060206501,0.2415153664685006,-4.8,1238.627,276.15,-5.284700000000006,0.48470000000000635,POTENCIAL MEDIO
629,0.3646677211520219,0.9561497533742328,3.267910622622522e-05,7.991669070176458,727.417798990969,0.1498873472329827,-4.6,1348.74,319.42,-5.058000000000006,0.4580000000000064,POTENCIAL MEDIO
731,0.1831001098602556,0.8866584386325023,3.4859864724437406e-05,6.455713145929358,617.2545300904264,0.2770633523914174,-4.89,1158.453,278.8,-5.446599999999995,0.5565999999999951,POTENCIAL MEDIO
2154,0.1569397704746884,0.851913923151294,1.967594976425424e-05,7.026703056584616,752.9212755076549,0.2883026451520493,-5.25,1369.843,308.34,-5.4278179827600015,0.1778179827600015,POTENCIAL MEDIO
602,0.1933796864622376,0.8976144570624983,2.9779297106878444e-05,7.036940983675133,699.9345880270768,0.3222471606970522,-4.62,1324.702,300.56,-5.288378174820001,0.6683781748200008,POTENCIAL MEDIO
7463,0.125941519766256,0.8196848951521868,6.677257184727376e-05,5.096051428512263,396.3723808123106,0.3765658762105331,-5.21,726.96,177.25,-5.413800948889999,0.20380094888999878,POTENCIAL MEDIO
7046,0.1668030976187529,0.8783696962871946,4.93357156636794e-05,5.790149630885913,562.6625877298425,0.3437210747586839,-5.06,1030.363,235.46,-5.27105510237,0.21105510237000047,POTENCIAL MEDIO
813,0.2506095297579628,0.9165562164283138,2.311282361016892e-05,7.767313258931775,681.9014007464292,0.1347065635090234,-4.52,1263.633,276.51,-4.853251420139994,0.33325142013999454,ALTO POTENCIAL (Candidato AstraZeneca)
791,0.1343670386419056,0.8423062275462728,5.2892372091137545e-05,5.557237427614511,473.5582385307855,0.3403984329455842,-4.52,867.143,218.31,-5.548099999999996,1.0280999999999967,POTENCIAL MEDIO
584,0.2537946919481626,0.9248107271929122,2.53034132260327e-05,7.743898041627499,782.2850967116527,0.251593173741316,-4.96,1454.864,345.28,-5.258161846339992,0.2981618463399922,POTENCIAL MEDIO
1259,0.1235708819921149,0.8128293040106136,6.475094567981008e-05,5.118843669591234,398.04495322190894,0.366359967422826,-5.05,722.969,157.9,-5.2611000000000026,0.21110000000000273,POTENCIAL MEDIO
566,0.3417535787849487,0.951432523440672,4.530100154210787e-05,7.354486883583748,616.9507003817123,0.2149406317889956,-4.64,1158.453,296.38,-5.186899999999993,0.5468999999999937,POTENCIAL MEDIO
962,0.1660085524320964,0.8699328565254345,9.801806636696864e-05,4.896837667444051,335.5543882429398,0.3052522017363373,-5.22,641.769,148.15,-5.39890189778001,0.1789018977800101,POTENCIAL MEDIO
828,0.2437321275761479,0.9144425334501636,2.894095345063325e-05,7.293807990389909,622.7008843818954,0.1623874191954611,-4.46,1148.501,229.39,-4.975879803569995,0.5158798035699954,ALTO POTENCIAL (Candidato AstraZeneca)
7478,0.0848867106753228,0.7928133927431236,0.0001027234089175,4.8487879968275225,461.6737585673157,0.7063088979431325,-5.19,847.181,198.15,-5.6408000000000005,0.4508000000000001,POTENCIAL MEDIO
792,0.1969050434738438,0.8726194225270919,3.499595347488077e-05,6.246912981867941,508.8825113230552,0.1792531002533538,-5.24,949.205,267.28,-5.656842272680004,0.41684227268000384,POTENCIAL MEDIO
118,0.2212440070265236,0.8997566350243017,2.1543958736824085e-05,7.49927121114954,695.0503784157852,0.1605189027102653,-4.47,1297.651,316.69,-5.933600000000001,1.4636000000000013,POTENCIAL MEDIO
578,0.2506858499220657,0.920053709846509,1.903090032778762e-05,8.199428198748802,807.6477522571314,0.1974089553955655,-4.6,1497.933,357.31,-5.018200000000006,0.4182000000000068,POTENCIAL MEDIO
574,0.3355642247477118,0.9489664953549148,2.174305864228489e-05,8.77643083415042,814.1429646996995,0.1501805140964995,-4.62,1505.953,366.54,-4.925100000000003,0.30510000000000304,ALTO POTENCIAL (Candidato AstraZeneca)
771,0.2154267090755412,0.9078661480971578,3.9485763790199015e-05,6.586855360400103,631.3132661237865,0.3082275398721962,-4.57,1148.543,287.59,-5.054299999999999,0.4842999999999984,POTENCIAL MEDIO
3188,0.1771474349265784,0.8690881365122827,7.486292544544123e-05,5.138932980794762,376.967239465972,0.2359268260890166,-5.06,702.897,165.81,-5.606899999999997,0.5468999999999973,POTENCIAL MEDIO
193,0.2840657571104741,0.933917209605874,1.842984100227141e-05,8.77825819312392,826.0072752261801,0.173287534217775,-4.59,1543.961,366.1,-5.037399999999993,0.4473999999999929,POTENCIAL MEDIO
763,0.1583849657328767,0.8714309980142162,5.714714731337856e-05,5.606551569047256,498.8914112764076,0.3380462281792731,-4.16,917.206,197.64,-4.672009625960007,0.5120096259600064,ALTO POTENCIAL (Candidato AstraZeneca)
1471,0.0865885278375092,0.767451072264476,5.547424262120734e-05,5.240077382972978,436.3871484779692,0.4130120308320596,-5.16,807.05,178.36,-5.236200000000008,0.07620000000000804,POTENCIAL MEDIO
693,0.3047838922666885,0.9405236908624942,3.3755592226176625e-05,7.295373900744452,703.7597602278618,0.1447477629062994,-5.19,1293.704,334.27,-5.954800000000003,0.7648000000000028,POTENCIAL MEDIO
1559,0.216335368009268,0.907460756999182,9.835444331320343e-05,5.243110501294862,387.82761950247954,0.2432955409197949,-5.0,708.945,148.23,-6.0913999999999975,1.0913999999999975,BAJO POTENCIAL
7895,0.226470587561811,0.9145406232054544,3.342407385238706e-05,7.157693699167757,695.5215745064311,0.2868399353494497,-5.03,1290.656,297.26,-5.426117262229991,0.3961172622299909,POTENCIAL MEDIO
7204,0.1465297477380157,0.8683879276425295,3.952127061161415e-05,6.348832696231166,632.4470220106791,0.4501803456678613,-5.0,1169.52,258.49,-5.374006721770001,0.3740067217700007,POTENCIAL MEDIO
894,0.5955877125016232,0.9871140765196202,4.6695177401511205e-05,9.242113133250973,790.1181554662611,0.1308321944116901,-4.92,1472.882,337.0,-5.3049,0.3849,POTENCIAL MEDIO
778,0.197898654104689,0.891433221206065,3.36999821302201e-05,6.667557612591786,595.4241463638674,0.2454909682275242,-4.52,1077.464,258.49,-5.046810311409994,0.526810311409994,POTENCIAL MEDIO
750,0.211562593413827,0.9066918353896832,5.054233234576131e-05,6.235946315898585,544.9268951305137,0.3455937191390775,-4.54,1020.283,247.41,-4.950063254510006,0.410063254510006,ALTO POTENCIAL (Candidato AstraZeneca)
690,0.1488055635267967,0.8586766261750974,5.267988290132683e-05,5.653072263667459,488.0922326063852,0.3245572113108704,-4.46,893.181,218.31,-5.685300952199997,1.225300952199997,POTENCIAL MEDIO
749,0.0962563427769533,0.8050845059895833,3.243768386150022e-05,6.195376643087146,606.9007330442148,0.4724240101502578,-4.34,1137.434,284.86,-6.106185014049998,1.7661850140499977,BAJO POTENCIAL
63,0.2550711080665013,0.9204675845802912,1.7834554741781837e-05,8.484989213444347,775.6996713416414,0.1688208542301396,-4.96,1453.836,392.47,-5.233599999999996,0.2735999999999956,POTENCIAL MEDIO
4542,0.1115729850642482,0.8179133901488514,6.274399794049947e-05,5.1824564961892206,437.1728958336511,0.3842793934119869,-5.24,814.041,159.75,-5.512200000000006,0.272200000000006,POTENCIAL MEDIO
2190,0.1157151441229228,0.8346263251626088,2.3540415298561845e-05,6.856957100831091,759.3328241962645,0.4310803848607169,-5.0,1399.828,308.34,-5.5734,0.5734000000000004,POTENCIAL MEDIO
1244,0.1061977370611565,0.7986448591429001,5.506066391923881e-05,5.423574515517784,422.269575174062,0.4093354723181612,-5.22,777.024,157.26,-5.419200000000011,0.19920000000001092,POTENCIAL MEDIO
561,0.4148443143200815,0.9659092555600916,5.0849689246459874e-05,7.657229836117227,649.0142912481824,0.2242450606070378,-4.96,1209.542,316.69,-5.346399999999997,0.3863999999999974,POTENCIAL MEDIO
8439,0.3017209729879384,0.9409307111790112,0.0003601103085736,4.144777882466961,244.46613886498065,0.3066124067166573,-5.12,453.587,106.33,-5.356200000000004,0.23620000000000374,POTENCIAL MEDIO
866,0.2424118249317412,0.9147359000040104,2.1334701043121147e-05,7.915485739491569,727.0590544980842,0.1700622763141584,-4.64,1344.751,305.17,-5.019799999999995,0.37979999999999503,POTENCIAL MEDIO
739,0.1968807336696384,0.8909462659255936,2.59949058687024e-05,7.108601147243878,663.2808605184448,0.2364078403736696,-4.59,1228.588,270.01,-5.072874746529995,0.48287474652999496,POTENCIAL MEDIO
683,0.2047460699171188,0.8924701605880643,4.896096592276619e-05,5.959671774531107,482.7428783851022,0.1718860288327566,-4.77,899.144,227.1,-6.115326369209999,1.3453263692099995,BAJO POTENCIAL
780,0.2468567241997557,0.922113036553699,3.219641251390337e-05,7.398931678527729,658.6118632157912,0.2782122437900586,-4.38,1230.56,314.4,-4.939426174369996,0.559426174369996,ALTO POTENCIAL (Candidato AstraZeneca)
874,0.1504646129667618,0.8433589592656255,2.061323192911021e-05,6.839522978613748,720.8361900200642,0.2823198350076932,-4.92,1336.736,313.03,-5.309485679480004,0.38948567948000434,POTENCIAL MEDIO
741,0.1560383977662563,0.8622322064849689,2.2576184799771702e-05,7.086574845718287,698.6217032682614,0.2810025380616029,-4.74,1306.665,287.59,-5.162200000000002,0.4222000000000019,POTENCIAL MEDIO
570,0.3486447176299048,0.9526605425404974,3.3374600282549155e-05,7.880120153313077,703.9796957991566,0.168643266484743,-4.55,1315.666,325.92,-5.011300000000006,0.4613000000000058,POTENCIAL MEDIO
